Handle,Title,Body (HTML),Vendor,Product Category,Type,Tags,Published,Option1 Name,Option1 Value,Option1 Linked To,Option2 Name,Option2 Value,Option2 Linked To,Option3 Name,Option3 Value,Option3 Linked To,Variant SKU,Variant Grams,Variant Inventory Tracker,Variant Inventory Qty,Variant Inventory Policy,Variant Fulfillment Service,Variant Price,Variant Compare At Price,Variant Requires Shipping,Variant Taxable,Unit Price Total Measure,Unit Price Total Measure Unit,Unit Price Base Measure,Unit Price Base Measure Unit,Variant Barcode,Image Src,Image Position,Image Alt Text,Gift Card,SEO Title,SEO Description,Variant Image,Variant Weight Unit,Variant Tax Code,Cost per item,Status
root-set-rust-bloom,Root Set - Rust Bloom,"<div class=""product-description"">Fresh tone, same ease.<br>The Root Set brings a warmer energy to a familiar silhouette, pairing a sleeveless V-neck top with tailored straight trousers in a rust bloom hemp-cotton blend. Easy, breathable, and quietly structured.<br>The top is defined by vertical stitch lines that add form without weight. An asymmetric button detail at the neckline introduces character, while front and back slits allow movement, subtle but noticeable.<br>The trousers follow with balance. Straight, clean, and tailored, they ground the richness of the color with a more composed line.<br>A set made for warm days that still ask for intention.</div>
<div class=""fabric-fit"">
<h4>Fabric &amp; Fit</h4>Fabric: Hemp Cotton<br>Color: Azo free dyed Rust Bloom<br>Top Fit: Comfort, Length: 22""<br>Pant Fit: Tailored Straight, Length: 40"" across all sizes<br>Model Fit: Model is 5'6"" / wearing size S</div>
<div class=""washcare"">
<h4>Care Instructions</h4>Care :<br>● Wash in cold water<br>● Use a gentle detergent<br>● Machine wash on a mild cycle or hand wash<br>● Air dry preferred, or tumble dry on low heat<br>● Iron on low heat<br>● Avoid bleach and harsh chemicals<br>● Do not overwash: air between wears<br>● Spot clean for small stains instead of full washing<br><br>Note:<br>● Wash separately for the first few washes, as slight colour release may occur.<br>● Garments with hand embroidery are best cared for through dry cleaning.<br>● Subtle variations in colour and texture are natural. Each piece is unique.<br>Just a little care, and the fabric will take care of the rest.</div>",Soulmead,Uncategorized,Co-ord Set,"Co-ord Set, Rust Bloom",true,Size,XS,,,,,,,,WT09-WP03-A-RustBloom-XS,0.0,shopify,10,deny,manual,12890.00,,true,true,,,,,,https://cdn.shopify.com/s/files/1/0996/6485/5319/files/DSC03623.jpg?v=1775123093,1,,false,,,,kg,,,active
root-set-rust-bloom,,,,,,,,,S,,,,,,,,WT09-WP03-A-RustBloom-S,0.0,shopify,10,deny,manual,12890.00,,true,true,,,,,,https://cdn.shopify.com/s/files/1/0996/6485/5319/files/DSC03627.jpg?v=1775123106,2,,,,,,kg,,,
root-set-rust-bloom,,,,,,,,,M,,,,,,,,WT09-WP03-A-RustBloom-M,0.0,shopify,10,deny,manual,12890.00,,true,true,,,,,,https://cdn.shopify.com/s/files/1/0996/6485/5319/files/DSC03642.jpg?v=1775123111,3,,,,,,kg,,,
root-set-rust-bloom,,,,,,,,,L,,,,,,,,WT09-WP03-A-RustBloom-L,0.0,shopify,10,deny,manual,12890.00,,true,true,,,,,,https://cdn.shopify.com/s/files/1/0996/6485/5319/files/DSC03644.jpg?v=1775123116,4,,,,,,kg,,,
root-set-rust-bloom,,,,,,,,,XL,,,,,,,,WT09-WP03-A-RustBloom-XL,0.0,shopify,10,deny,manual,12890.00,,true,true,,,,,,,,,,,,,kg,,,
root-set-soft-teal,Root Set - Soft Teal,"<div class=""product-description"">Fresh tone, same ease.<br>The Root Set brings a new energy to a familiar silhouette, pairing a sleeveless V-neck top with tailored straight trousers in a soft teal hemp-cotton. Easy, breathable, and structured.<br>The top is defined by vertical stitch lines that add form without weight. An asymmetric button detail at the neckline introduces character, while front and back slits allow movement, subtle but noticeable.<br>The trousers follow with balance. Straight, clean, and tailored, they ground the softness of the color with a more defined line.<br>A set made for warm days that still ask for thought.</div>
<div class=""fabric-fit"">
<h4>Fabric &amp; Fit</h4>Fabric: Hemp Cotton<br>Color: Azo free dyed Soft Teal<br>Top Fit: Comfort, Length: 22""<br>Pant Fit: Tailored Straight, Length: 40"" across all sizes<br>Model Fit: Model is 5'6"" / wearing size S</div>
<div class=""washcare"">
<h4>Care Instructions</h4>Care :<br>● Wash in cold water<br>● Use a gentle detergent<br>● Machine wash on a mild cycle or hand wash<br>● Air dry preferred, or tumble dry on low heat<br>● Iron on low heat<br>● Avoid bleach and harsh chemicals<br>● Do not overwash: air between wears<br>● Spot clean for small stains instead of full washing<br><br>Note:<br>● Wash separately for the first few washes, as slight colour release may occur.<br>● Garments with hand embroidery are best cared for through dry cleaning.<br>● Subtle variations in colour and texture are natural. Each piece is unique.<br>Just a little care, and the fabric will take care of the rest.</div>",Soulmead,,Co-ord Set,"Co-ord Set, Soft Teal",true,Size,XS,,,,,,,,WT09-WP03-A-SoftTeal-XS,0.0,shopify,10,deny,manual,12890.00,,true,true,,,,,,https://cdn.shopify.com/s/files/1/0996/6485/5319/files/DSC04398.jpg?v=1775121993,1,,false,,,,kg,,,active
root-set-soft-teal,,,,,,,,,S,,,,,,,,WT09-WP03-A-SoftTeal-S,0.0,shopify,10,deny,manual,12890.00,,true,true,,,,,,,,,,,,,kg,,,
root-set-soft-teal,,,,,,,,,M,,,,,,,,WT09-WP03-A-SoftTeal-M,0.0,shopify,10,deny,manual,12890.00,,true,true,,,,,,,,,,,,,kg,,,
root-set-soft-teal,,,,,,,,,L,,,,,,,,WT09-WP03-A-SoftTeal-L,0.0,shopify,10,deny,manual,12890.00,,true,true,,,,,,,,,,,,,kg,,,
root-set-soft-teal,,,,,,,,,XL,,,,,,,,WT09-WP03-A-SoftTeal-XL,0.0,shopify,10,deny,manual,12890.00,,true,true,,,,,,,,,,,,,kg,,,
muse-set-indigo,Muse Set - Indigo,"<div class=""product-description"">Sleeveless, intentional, elegant.<br>The Muse Set pairs a structured vest top with wide-leg trousers in deep indigo Kala cotton, bringing together ease and detail.<br>The top features a soft lapel neckline and gently curved hem panels that shape the silhouette without adding stiffness. Hand embroidery runs along the front opening and panel edges, not as a pattern, but as a line of detail that highlights the construction itself. Subtle, deliberate, and easy to notice up close.<br>The trousers complete the set with balance. Wide-legged and fluid, they move with ease while holding a clean, polished line.<br>The kind of outfit that needs no accessories. The kind that becomes one.</div>
<div class=""fabric-fit"">
<h4>Fabric &amp; Fit</h4>Fabric: Kala Cotton <br>Color: Yarn dyed Indigo<br>Top Fit: Comfort, Length: 21""<br>Pant Fit: Wide Leg, Length: 42"" across all sizes<br>Model Fit: Model is 5'7""/ wearing size S</div>
<div class=""washcare"">
<h4>Care Instructions</h4>Care :<br>● Wash in cold water only<br>● Use a mild detergent<br>● Wash separately, especially during initial washes<br>● Air dry in shade; avoid direct sunlight<br>● Do not wring or scrub harshly<br>● Iron on low heat, inside out<br>● Avoid bleach and harsh chemicals<br>● Do not overwash: allow the fabric to breathe between wears<br>● Spot clean gently when needed<br><br>Note :<br>● Wash separately for the first few washes, as slight colour release may occur.<br>● Garments with hand embroidery are best cared for through dry cleaning.<br>● Subtle variations in colour and texture are natural. Each piece is unique.<br>Just a little care, and the fabric will take care of the rest.</div>",Soulmead,,Co-ord Set,"Co-ord Set, Indigo",true,Size,XS,,,,,,,,WT08- WP04-Indigo-XS,0.0,shopify,10,deny,manual,14680.00,,true,true,,,,,,https://cdn.shopify.com/s/files/1/0996/6485/5319/files/DSC03337.jpg?v=1775123070,1,,false,,,,kg,,,active
muse-set-indigo,,,,,,,,,S,,,,,,,,WT08- WP04-Indigo-S,0.0,shopify,10,deny,manual,14680.00,,true,true,,,,,,https://cdn.shopify.com/s/files/1/0996/6485/5319/files/DSC03345.jpg?v=1775123076,2,,,,,,kg,,,
muse-set-indigo,,,,,,,,,M,,,,,,,,WT08- WP04-Indigo-M,0.0,shopify,10,deny,manual,14680.00,,true,true,,,,,,https://cdn.shopify.com/s/files/1/0996/6485/5319/files/DSC03349.jpg?v=1775123082,3,,,,,,kg,,,
muse-set-indigo,,,,,,,,,L,,,,,,,,WT08- WP04-Indigo-L,0.0,shopify,10,deny,manual,14680.00,,true,true,,,,,,https://cdn.shopify.com/s/files/1/0996/6485/5319/files/DSC03365.jpg?v=1775123088,4,,,,,,kg,,,
muse-set-indigo,,,,,,,,,XL,,,,,,,,WT08- WP04-Indigo-XL,0.0,shopify,10,deny,manual,14680.00,,true,true,,,,,,,,,,,,,kg,,,
poise-set-sage-green,Poise Set - Sage Green,"<div class=""product-description"">In sage green, this co-ord becomes something else entirely.<br>The Poise Set brings together a structured corset-style top and high-waisted shorts, built on clean lines and quiet strength.<br>The top is defined by its high-low hemline, structured through the body while still allowing movement. Along the neckline, hand-embroidered French knots, wooden beads, and shell elements catch light differently against the cloth. The hand-embroidered fabric buttons on each side remain deliberate, functional, beautiful.<br>The shorts brings balance to the look. High-waisted with front pleats and stitch line finishing, they hold structure while staying easy to wear.<br>A co-ord that earns its silhouette.</div>
<div class=""fabric-fit"">
<h4>Fabric &amp; Fit</h4>Fabric: 100% Hemp<br>Color: Yarn dyed Sage Green<br>Top Fit: Structured, Length: Front-20"" &amp; Back-23""<br>Short Fit: Comfort, Length: 14.25"" <br>Model Fit: Model is 5'6""/ wearing size S<br>
</div>
<div class=""washcare"">
<h4>Care Instructions</h4>Care :<br>● Wash in cold water (below 30°C) <br>● Use a mild, pH-neutral detergent <br>● Hand wash or gentle machine cycle <br>● Air dry in shade; avoid high heat      <br>● Iron on low to medium heat, preferably when slightly damp <br>● Avoid bleach and harsh chemicals <br>● Do not overwash: air between wears to keep it fresh <br>● Spot clean when possible instead of full washing <br><br>Note :<br>● Wash separately for the first few washes, as slight colour release may occur. <br>● Garments with hand embroidery are best cared for through dry cleaning. <br>● Subtle variations in colour and texture are natural. Each piece is unique. Just a little care, and the fabric will take care of the rest.</div>",Soulmead,,Co-ord Set,"Co-ord Set, Sage Green",true,Size,XS,,,,,,,,WT07- WSH02-SageGreen-XS,0.0,shopify,10,deny,manual,12980.00,,true,true,,,,,,https://cdn.shopify.com/s/files/1/0996/6485/5319/files/DSC03916.jpg?v=1775123037,1,,false,,,,kg,,,active
poise-set-sage-green,,,,,,,,,S,,,,,,,,WT07- WSH02-SageGreen-S,0.0,shopify,10,deny,manual,12980.00,,true,true,,,,,,https://cdn.shopify.com/s/files/1/0996/6485/5319/files/DSC03917.jpg?v=1775123042,2,,,,,,kg,,,
poise-set-sage-green,,,,,,,,,M,,,,,,,,WT07- WSH02-SageGreen-M,0.0,shopify,10,deny,manual,12980.00,,true,true,,,,,,https://cdn.shopify.com/s/files/1/0996/6485/5319/files/DSC03924.jpg?v=1775123049,3,,,,,,kg,,,
poise-set-sage-green,,,,,,,,,L,,,,,,,,WT07- WSH02-SageGreen-L,0.0,shopify,10,deny,manual,12980.00,,true,true,,,,,,https://cdn.shopify.com/s/files/1/0996/6485/5319/files/DSC03937.jpg?v=1775123054,4,,,,,,kg,,,
poise-set-sage-green,,,,,,,,,XL,,,,,,,,WT07- WSH02-SageGreen-XL,0.0,shopify,10,deny,manual,12980.00,,true,true,,,,,,https://cdn.shopify.com/s/files/1/0996/6485/5319/files/DSC03942.jpg?v=1775123060,5,,,,,,kg,,,
poise-set-sage-green,,,,,,,,,,,,,,,,,,,,,,,,,,,,,,,,https://cdn.shopify.com/s/files/1/0996/6485/5319/files/DSC03949.jpg?v=1775123065,6,,,,,,,,,
poise-set-dusty-black,Poise Set - Dusty Black,"<div class=""product-description"">In dusty black, this co-ord becomes something else.<br>The Poise Set brings together a structured corset-style top and high-waisted shorts, built on clean lines and quiet strength.<br>The top is defined by its high-low hemline, structured through the body while still allowing movement. Along the neckline, hand-embroidered French knots, wooden beads, and shell elements catch light subtly against the dark cloth. Fabric buttons placed along the sides remain both functional and intentional.<br>The shorts brings balance to the look. High-waisted with front pleats and visible stitch line detailing, they hold structure while staying easy to wear.<br>A set that doesn’t try too hard, but still holds presence.</div>
<div class=""fabric-fit"">
<h4>Fabric &amp; Fit</h4>Fabric: Hemp Cotton<br>Color: Azo free dyed Dusty Black<br>Top Fit: Structured, Length: Front-20"" &amp; Back-23""<br>Short Fit: Comfort, Length: 14.25""<br>Model Fit: Model is 5'7""/ wearing size S<br>
</div>
<div class=""washcare"">
<h4>Care Instructions</h4>Care :<br>● Wash in cold water<br>● Use a gentle detergent<br>● Machine wash on a mild cycle or hand wash<br>● Air dry preferred, or tumble dry on low heat<br>● Iron on low heat<br>● Avoid bleach and harsh chemicals<br>● Do not overwash: air between wears<br>● Spot clean for small stains instead of full washing<br><br>Note:<br>● Wash separately for the first few washes, as slight colour release may occur.<br>● Garments with hand embroidery are best cared for through dry cleaning.<br>● Subtle variations in colour and texture are natural. Each piece is unique.<br>Just a little care, and the fabric will take care of the rest.</div>",Soulmead,,Co-ord Set,"Co-ord Set, Dusty Black",true,Size,XS,,,,,,,,WT07- WSH02-DustyBlack-XS,0.0,shopify,10,deny,manual,12980.00,,true,true,,,,,,https://cdn.shopify.com/s/files/1/0996/6485/5319/files/DSC04148.jpg?v=1775123002,1,,false,,,,kg,,,active
poise-set-dusty-black,,,,,,,,,S,,,,,,,,WT07- WSH02-DustyBlack-S,0.0,shopify,10,deny,manual,12980.00,,true,true,,,,,,https://cdn.shopify.com/s/files/1/0996/6485/5319/files/DSC04154.jpg?v=1775123015,2,,,,,,kg,,,
poise-set-dusty-black,,,,,,,,,M,,,,,,,,WT07- WSH02-DustyBlack-M,0.0,shopify,10,deny,manual,12980.00,,true,true,,,,,,https://cdn.shopify.com/s/files/1/0996/6485/5319/files/DSC04160.jpg?v=1775123020,3,,,,,,kg,,,
poise-set-dusty-black,,,,,,,,,L,,,,,,,,WT07- WSH02-DustyBlack-L,0.0,shopify,10,deny,manual,12980.00,,true,true,,,,,,https://cdn.shopify.com/s/files/1/0996/6485/5319/files/DSC04168.jpg?v=1775123025,4,,,,,,kg,,,
poise-set-dusty-black,,,,,,,,,XL,,,,,,,,WT07- WSH02-DustyBlack-XL,0.0,shopify,10,deny,manual,12980.00,,true,true,,,,,,https://cdn.shopify.com/s/files/1/0996/6485/5319/files/DSC04174.jpg?v=1775123031,5,,,,,,kg,,,
cross-set-pearl-white,Cross Set - Pearl White,"<div class=""product-description"">Quiet luxury doesn't announce itself.<br>The Cross Set understands this. A wrap top paired with a cropped straight pant, both built on clarity, precision, and restraint.<br>The top is cut in a wrap silhouette, structured at the waist and clean through the lines. It holds shape without feeling rigid. Shell beads finish the wrap end, a single detail that defines the piece. Nothing extra, nothing without intention.<br>The pant follows with equal ease. Cropped, straight, and relaxed, designed to ground the look without taking away from it. The kind of bottom that lets the top stand, while still holding its own.<br>Minimal. Controlled. Exactly the right amount of considered.</div>
<div class=""fabric-fit"">
<h4>Fabric &amp; Fit</h4>Fabric: Hemp Cotton<br>Color: Pearl White<br>Top Fit: Structured, Length: 24""<br>Pant Fit: Relaxed Straight, Length: 32.5""<br>Model Fit: Model is 5'6"" / wearing size S</div>
<div class=""washcare"">
<h4>Care Instructions</h4>Care :<br>● Wash in cold water<br>● Use a gentle detergent<br>● Machine wash on a mild cycle or hand wash<br>● Air dry preferred, or tumble dry on low heat<br>● Iron on low heat<br>● Avoid bleach and harsh chemicals<br>● Do not overwash: air between wears<br>● Spot clean for small stains instead of full washing<br><br>Note:<br>● Wash separately for the first few washes, as slight colour release may occur.<br>● Garments with hand embroidery are best cared for through dry cleaning.<br>● Subtle variations in colour and texture are natural. Each piece is unique.<br>Just a little care, and the fabric will take care of the rest.</div>",Soulmead,,Co-ord Set,"Co-ord Set, Pearl White",true,Size,XS,,,,,,,,WT06-WP05-PearlWhite-XS,0.0,shopify,10,deny,manual,13380.00,,true,true,,,,,,https://cdn.shopify.com/s/files/1/0996/6485/5319/files/DSC04179_copy.jpg?v=1775122963,1,,false,,,,kg,,,active
cross-set-pearl-white,,,,,,,,,S,,,,,,,,WT06-WP05-PearlWhite-S,0.0,shopify,10,deny,manual,13380.00,,true,true,,,,,,https://cdn.shopify.com/s/files/1/0996/6485/5319/files/DSC04186_copy.jpg?v=1775122968,2,,,,,,kg,,,
cross-set-pearl-white,,,,,,,,,M,,,,,,,,WT06-WP05-PearlWhite-M,0.0,shopify,10,deny,manual,13380.00,,true,true,,,,,,https://cdn.shopify.com/s/files/1/0996/6485/5319/files/DSC04192_copy.jpg?v=1775122974,3,,,,,,kg,,,
cross-set-pearl-white,,,,,,,,,L,,,,,,,,WT06-WP05-PearlWhite-L,0.0,shopify,10,deny,manual,13380.00,,true,true,,,,,,https://cdn.shopify.com/s/files/1/0996/6485/5319/files/DSC04208_copy.jpg?v=1775122980,4,,,,,,kg,,,
cross-set-pearl-white,,,,,,,,,XL,,,,,,,,WT06-WP05-PearlWhite-XL,0.0,shopify,10,deny,manual,13380.00,,true,true,,,,,,https://cdn.shopify.com/s/files/1/0996/6485/5319/files/DSC04211_copy.jpg?v=1775122986,5,,,,,,kg,,,
cross-set-pearl-white,,,,,,,,,,,,,,,,,,,,,,,,,,,,,,,,https://cdn.shopify.com/s/files/1/0996/6485/5319/files/DSC04219_copy.jpg?v=1775122991,6,,,,,,,,,
cross-set-pearl-white,,,,,,,,,,,,,,,,,,,,,,,,,,,,,,,,https://cdn.shopify.com/s/files/1/0996/6485/5319/files/DSC04223_copy.jpg?v=1775122997,7,,,,,,,,,
let-it-be-set-ecru,Let It Be Set - Ecru,"<div class=""product-description"">Effortless from morning to evening, this is the co-ord that moves with you.<br>The Let It Be Set brings together a sleeveless vest and wide culotte pants in natural ecru Kala cotton. Easy, breathable, and detailed.<br>The vest is cut with a sharp V-neckline and finished with a back tie that lets you adjust the fit as you like. A curved hem softens the structure. Across the front, hand-embroidered French knots, wooden beads, and shell fragments are scattered like seeds on open earth, irregular, intentional, alive.<br>The pants follow with the same ease. High-waisted with a wide culotte silhouette that falls with quiet movement. A half-belt, half-elastic waist allows comfort without losing shape. Deep pockets complete the piece.<br>Monochromatic in undyed ecru, the colour remains as the fabric is made. No pigment, no processing. Just cloth and craft.</div>
<div class=""fabric-fit"">
<h4>Fabric &amp; Fit</h4>Fabric: Kala Cotton <br>Color: Ecru<br>Top Fit: Comfort, Length: 22""<br>Pant Fit: Cullotes, Length:33.5""<br>Model Fit: Model is 5'6""/ wearing size S</div>
<div class=""washcare"">
<h4>Care Instructions</h4>Care :<br>● Wash in cold water only<br>● Use a mild detergent<br>● Wash separately, especially during initial washes<br>● Air dry in shade; avoid direct sunlight<br>● Do not wring or scrub harshly<br>● Iron on low heat, inside out<br>● Avoid bleach and harsh chemicals<br>● Do not overwash: allow the fabric to breathe between wears<br>● Spot clean gently when needed<br><br>Note :<br>● Wash separately for the first few washes, as slight colour release may occur.<br>● Garments with hand embroidery are best cared for through dry cleaning.<br>● Subtle variations in colour and texture are natural. Each piece is unique.<br>Just a little care, and the fabric will take care of the rest.</div>",Soulmead,,Co-ord Set,"Co-ord Set, Ecru",true,Size,XS,,,,,,,,WT05- WP06-Ecru-XS,0.0,shopify,10,deny,manual,14980.00,,true,true,,,,,,https://cdn.shopify.com/s/files/1/0996/6485/5319/files/DSC03089.jpg?v=1775122934,1,,false,,,,kg,,,active
let-it-be-set-ecru,,,,,,,,,S,,,,,,,,WT05- WP06-Ecru-S,0.0,shopify,10,deny,manual,14980.00,,true,true,,,,,,https://cdn.shopify.com/s/files/1/0996/6485/5319/files/DSC03092.jpg?v=1775122940,2,,,,,,kg,,,
let-it-be-set-ecru,,,,,,,,,M,,,,,,,,WT05- WP06-Ecru-M,0.0,shopify,10,deny,manual,14980.00,,true,true,,,,,,https://cdn.shopify.com/s/files/1/0996/6485/5319/files/DSC03094.jpg?v=1775122945,3,,,,,,kg,,,
let-it-be-set-ecru,,,,,,,,,L,,,,,,,,WT05- WP06-Ecru-L,0.0,shopify,10,deny,manual,14980.00,,true,true,,,,,,https://cdn.shopify.com/s/files/1/0996/6485/5319/files/DSC03117.jpg?v=1775122951,4,,,,,,kg,,,
let-it-be-set-ecru,,,,,,,,,XL,,,,,,,,WT05- WP06-Ecru-XL,0.0,shopify,10,deny,manual,14980.00,,true,true,,,,,,https://cdn.shopify.com/s/files/1/0996/6485/5319/files/DSC03119.jpg?v=1775122957,5,,,,,,kg,,,
aria-set-sage-green,Aria Set - Sage Green,"<div class=""product-description"">Volume in the right places. Stillness everywhere else.<br>The Aria Set pairs a peplum top with wide-leg trousers in sage green hemp, a combination that understands proportion without overthinking it.<br>The top is built on kali panels, each one placed with intent to create a flare that begins at the waist and opens into a soft, fluid shape. Structured at the waist, it holds form while feeling easy. The sleeves carry their own detail, defined and present without drawing too much attention.<br>The trousers follow through with the same ease. Wide-legged, and in movement.<br>Everything in yarn-dyed sage green hemp. Designed to move well and feel even better.</div>
<div class=""fabric-fit"">
<h4>Fabric &amp; Fit</h4>Fabric: 100% Hemp<br>Color: Yarn dyed Sage Green<br>Top Fit: Relaxed Fit with Structured waist, Length: 26""<br>Pant Fit: Wide Leg, Length: 42"" across all sizes<br>Model Fit: Model is 5'7""/ wearing size S</div>
<div class=""washcare"">
<h4>Care Instructions</h4>Care :<br>● Wash in cold water (below 30°C) <br>● Use a mild, pH-neutral detergent <br>● Hand wash or gentle machine cycle <br>● Air dry in shade; avoid high heat      <br>● Iron on low to medium heat, preferably when slightly damp <br>● Avoid bleach and harsh chemicals <br>● Do not overwash: air between wears to keep it fresh <br>● Spot clean when possible instead of full washing <br><br>Note :<br>● Wash separately for the first few washes, as slight colour release may occur. <br>● Garments with hand embroidery are best cared for through dry cleaning. <br>● Subtle variations in colour and texture are natural. Each piece is unique. Just a little care, and the fabric will take care of the rest.</div>",Soulmead,,Co-ord Set,"Co-ord Set, Sage Green",true,Size,XS,,,,,,,,WT03-WP04-SageGreen-XS,0.0,shopify,10,deny,manual,14980.00,,true,true,,,,,,https://cdn.shopify.com/s/files/1/0996/6485/5319/files/DSC03952.jpg?v=1775122897,1,,false,,,,kg,,,active
aria-set-sage-green,,,,,,,,,S,,,,,,,,WT03-WP04-SageGreen-S,0.0,shopify,10,deny,manual,14980.00,,true,true,,,,,,https://cdn.shopify.com/s/files/1/0996/6485/5319/files/DSC03960.jpg?v=1775122903,2,,,,,,kg,,,
aria-set-sage-green,,,,,,,,,M,,,,,,,,WT03-WP04-SageGreen-M,0.0,shopify,10,deny,manual,14980.00,,true,true,,,,,,https://cdn.shopify.com/s/files/1/0996/6485/5319/files/DSC03963.jpg?v=1775122909,3,,,,,,kg,,,
aria-set-sage-green,,,,,,,,,L,,,,,,,,WT03-WP04-SageGreen-L,0.0,shopify,10,deny,manual,14980.00,,true,true,,,,,,https://cdn.shopify.com/s/files/1/0996/6485/5319/files/DSC03976.jpg?v=1775122918,4,,,,,,kg,,,
aria-set-sage-green,,,,,,,,,XL,,,,,,,,WT03-WP04-SageGreen-XL,0.0,shopify,10,deny,manual,14980.00,,true,true,,,,,,https://cdn.shopify.com/s/files/1/0996/6485/5319/files/DSC04001.jpg?v=1775122923,5,,,,,,kg,,,
aria-set-sage-green,,,,,,,,,,,,,,,,,,,,,,,,,,,,,,,,https://cdn.shopify.com/s/files/1/0996/6485/5319/files/DSC04013.jpg?v=1775122928,6,,,,,,,,,
frame-top-ecru,Frame Top - Ecru,"<div class=""product-description"">Some garments are worn. This one is experienced.<br>The Frame Top holds warmth in its tone, edged with natural camel piping that traces the neckline and front placket. It frames the piece quietly, giving it structure without weight.<br>A hand-smocked chevron strip runs down the center, adding depth and a sense of form. On one side, hand-embroidered French knots, wooden beads, and mother-of-pearl shell fragments are scattered across the shoulder and sleeve. Each placement is slightly different, making every piece one of its own.<br>Easy in fit, but considered in detail. Something you notice more, the longer you wear it.</div>
<div class=""fabric-fit"">
<h4>Fabric &amp; Fit</h4>Fabric: Kala Cotton <br>Color: Ecru<br>Fit: Relaxed, Length: 26""<br>Model Fit: Model is 5'7""/ wearing size S<br>
</div>
<div class=""washcare"">
<h4>Care Instructions</h4>Care :<br>● Wash in cold water only<br>● Use a mild detergent<br>● Wash separately, especially during initial washes<br>● Air dry in shade; avoid direct sunlight<br>● Do not wring or scrub harshly<br>● Iron on low heat, inside out<br>● Avoid bleach and harsh chemicals<br>● Do not overwash: allow the fabric to breathe between wears<br>● Spot clean gently when needed<br><br>Note :<br>● Wash separately for the first few washes, as slight colour release may occur.<br>● Garments with hand embroidery are best cared for through dry cleaning.<br>● Subtle variations in colour and texture are natural. Each piece is unique.<br>Just a little care, and the fabric will take care of the rest.</div>",Soulmead,,Top,"Ecru, Top",true,Size,XS,,,,,,,,WT02-Ecru-XS,0.0,shopify,10,deny,manual,7990.00,,true,true,,,,,,https://cdn.shopify.com/s/files/1/0996/6485/5319/files/DSC03207_copy.jpg?v=1775122860,1,,false,,,,kg,,,active
frame-top-ecru,,,,,,,,,S,,,,,,,,WT02-Ecru-S,0.0,shopify,10,deny,manual,7990.00,,true,true,,,,,,https://cdn.shopify.com/s/files/1/0996/6485/5319/files/DSC03209_copy.jpg?v=1775122866,2,,,,,,kg,,,
frame-top-ecru,,,,,,,,,M,,,,,,,,WT02-Ecru-M,0.0,shopify,10,deny,manual,7990.00,,true,true,,,,,,https://cdn.shopify.com/s/files/1/0996/6485/5319/files/DSC03215_copy.jpg?v=1775122871,3,,,,,,kg,,,
frame-top-ecru,,,,,,,,,L,,,,,,,,WT02-Ecru-L,0.0,shopify,10,deny,manual,7990.00,,true,true,,,,,,https://cdn.shopify.com/s/files/1/0996/6485/5319/files/DSC03231_copy.jpg?v=1775122877,4,,,,,,kg,,,
frame-top-ecru,,,,,,,,,XL,,,,,,,,WT02-Ecru-XL,0.0,shopify,10,deny,manual,7990.00,,true,true,,,,,,https://cdn.shopify.com/s/files/1/0996/6485/5319/files/DSC03245_copy.jpg?v=1775122892,5,,,,,,kg,,,
frame-top-camel,Frame Top - Camel,"<div class=""product-description"">Some garments are worn. This one is experienced.<br>The Frame Top holds warmth in its camel tone, edged with natural ecru piping that traces the neckline and front placket. It frames the piece quietly, giving it structure without weight.<br>A hand-smocked chevron strip runs down the center, adding depth and a sense of form. On one side, hand-embroidered French knots, wooden beads, and mother-of-pearl shell fragments are scattered across the shoulder and sleeve. Each placement is slightly different, making every piece one of its own.<br>Easy in fit, but considered in detail. Something you notice more, the longer you wear it.  </div>
<div class=""fabric-fit"">
<h4>Fabric &amp; Fit</h4>Fabric: Kala Cotton <br>Color: Azo free dyed Camel <br>Fit: Relaxed, Length: 26""<br>Model Fit: Model is 5'7"" / wearing size S<br>
</div>
<div class=""washcare"">
<h4>Care Instructions</h4>Care :<br>● Wash in cold water only<br>● Use a mild detergent<br>● Wash separately, especially during initial washes<br>● Air dry in shade; avoid direct sunlight<br>● Do not wring or scrub harshly<br>● Iron on low heat, inside out<br>● Avoid bleach and harsh chemicals<br>● Do not overwash: allow the fabric to breathe between wears<br>● Spot clean gently when needed<br><br>Note :<br>● Wash separately for the first few washes, as slight colour release may occur.<br>● Garments with hand embroidery are best cared for through dry cleaning.<br>● Subtle variations in colour and texture are natural. Each piece is unique.<br>Just a little care, and the fabric will take care of the rest.</div>",Soulmead,,Top,"Camel, Top",true,Size,XS,,,,,,,,WT02-Camel-XS,0.0,shopify,10,deny,manual,7990.00,,true,true,,,,,,https://cdn.shopify.com/s/files/1/0996/6485/5319/files/DSC03595.jpg?v=1775122827,1,,false,,,,kg,,,active
frame-top-camel,,,,,,,,,S,,,,,,,,WT02-Camel-S,0.0,shopify,10,deny,manual,7990.00,,true,true,,,,,,https://cdn.shopify.com/s/files/1/0996/6485/5319/files/DSC03597.jpg?v=1775122832,2,,,,,,kg,,,
frame-top-camel,,,,,,,,,M,,,,,,,,WT02-Camel-M,0.0,shopify,10,deny,manual,7990.00,,true,true,,,,,,https://cdn.shopify.com/s/files/1/0996/6485/5319/files/DSC03601.jpg?v=1775122837,3,,,,,,kg,,,
frame-top-camel,,,,,,,,,L,,,,,,,,WT02-Camel-L,0.0,shopify,10,deny,manual,7990.00,,true,true,,,,,,https://cdn.shopify.com/s/files/1/0996/6485/5319/files/DSC03607.jpg?v=1775122842,4,,,,,,kg,,,
frame-top-camel,,,,,,,,,XL,,,,,,,,WT02-Camel-XL,0.0,shopify,10,deny,manual,7990.00,,true,true,,,,,,https://cdn.shopify.com/s/files/1/0996/6485/5319/files/DSC03612.jpg?v=1775122855,5,,,,,,kg,,,
rhythm-set-dusty-black,Rhythm Set - Dusty Black,"<div class=""product-description"">Two pieces. One rhythm.<br>The Rhythm Set builds through detail, but keeps it quiet. The sleeveless top carries fine pintuck pleats across the upper bodice, not as an add-on but built into the fabric itself. The neckline stays clean, the fall controlled, the overall shape relaxed without losing structure.<br>The trousers follow with an asymmetric pintuck pleat along one side, bringing subtle movement to a straight silhouette. It shifts just enough when you walk, without asking for attention.<br>Worn together, it feels balanced. Structured, but easy.</div>
<div class=""fabric-fit"">
<h4>Fabric &amp; Fit</h4>Fabric: Hemp Cotton<br>Color: Azo free dyed Dusty Black<br>Top Fit: Relaxed, Length: 26.5""<br>Pant Fit: Straight, Length: 40"" across all sizes<br>Model Fit: Model is 5'7""/ wearing size S</div>
<div class=""washcare"">
<h4>Care Instructions</h4>Care :<br>● Wash in cold water<br>● Use a gentle detergent<br>● Machine wash on a mild cycle or hand wash<br>● Air dry preferred, or tumble dry on low heat<br>● Iron on low heat<br>● Avoid bleach and harsh chemicals<br>● Do not overwash: air between wears<br>● Spot clean for small stains instead of full washing<br><br>Note:<br>● Wash separately for the first few washes, as slight colour release may occur.<br>● Garments with hand embroidery are best cared for through dry cleaning.<br>● Subtle variations in colour and texture are natural. Each piece is unique.<br>Just a little care, and the fabric will take care of the rest.</div>",Soulmead,,Co-ord Set,"Co-ord Set, Dusty Black",true,Size,XS,,,,,,,,WT01-WP01-DustyBlack-XS,0.0,shopify,10,deny,manual,14380.00,,true,true,,,,,,https://cdn.shopify.com/s/files/1/0996/6485/5319/files/DSC04080.jpg?v=1775122794,1,,false,,,,kg,,,active
rhythm-set-dusty-black,,,,,,,,,S,,,,,,,,WT01-WP01-DustyBlack-S,0.0,shopify,10,deny,manual,14380.00,,true,true,,,,,,https://cdn.shopify.com/s/files/1/0996/6485/5319/files/DSC04082.jpg?v=1775122799,2,,,,,,kg,,,
rhythm-set-dusty-black,,,,,,,,,M,,,,,,,,WT01-WP01-DustyBlack-M,0.0,shopify,10,deny,manual,14380.00,,true,true,,,,,,https://cdn.shopify.com/s/files/1/0996/6485/5319/files/DSC04084.jpg?v=1775122805,3,,,,,,kg,,,
rhythm-set-dusty-black,,,,,,,,,L,,,,,,,,WT01-WP01-DustyBlack-L,0.0,shopify,10,deny,manual,14380.00,,true,true,,,,,,https://cdn.shopify.com/s/files/1/0996/6485/5319/files/DSC04087.jpg?v=1775122811,4,,,,,,kg,,,
rhythm-set-dusty-black,,,,,,,,,XL,,,,,,,,WT01-WP01-DustyBlack-XL,0.0,shopify,10,deny,manual,14380.00,,true,true,,,,,,https://cdn.shopify.com/s/files/1/0996/6485/5319/files/DSC04103.jpg?v=1775122816,5,,,,,,kg,,,
rhythm-set-dusty-black,,,,,,,,,,,,,,,,,,,,,,,,,,,,,,,,https://cdn.shopify.com/s/files/1/0996/6485/5319/files/DSC04106.jpg?v=1775122822,6,,,,,,,,,
always-shirt-sage-green,Always Shirt - Sage Green,"<div class=""product-description"">Same shirt. A whole different conversation.<br>In sage green hemp, the Always Shirt feels calmer, more grounded. The silhouette stays the same, shaped through the waist with subtle structure that can be adjusted as needed.<br>Flower-shaped shell buttons run along the front, adding detail without excess. Fabric buttons at the sides allow the form to shift, worn relaxed or drawn in closer to the body.<br>Worn gentle, it settles with quiet clarity. Soft. Considered.<br>Still the most useful shirt in the wardrobe.</div>
<div class=""fabric-fit"">
<h4>Fabric &amp; Fit</h4>Fabric: 100% Hemp<br>Color: Yarn dyed Sage Green<br>Fit: Oversized Fit if worn as it is, Cinched at the waist once closed, Length: 28""<br>Model Fit: Model is 5'6""/ wearing size S</div>
<div class=""washcare"">
<h4>Care Instructions</h4>Care :<br>● Wash in cold water (below 30°C) <br>● Use a mild, pH-neutral detergent <br>● Hand wash or gentle machine cycle <br>● Air dry in shade; avoid high heat      <br>● Iron on low to medium heat, preferably when slightly damp <br>● Avoid bleach and harsh chemicals <br>● Do not overwash: air between wears to keep it fresh <br>● Spot clean when possible instead of full washing <br><br>Note :<br>● Wash separately for the first few washes, as slight colour release may occur. <br>● Garments with hand embroidery are best cared for through dry cleaning. <br>● Subtle variations in colour and texture are natural. Each piece is unique. Just a little care, and the fabric will take care of the rest.</div>",Soulmead,,Shirt,"Sage Green, Shirt",true,Size,XS,,,,,,,,WS05-SageGreen-XS,0.0,shopify,10,deny,manual,7890.00,,true,true,,,,,,https://cdn.shopify.com/s/files/1/0996/6485/5319/files/DSC04015.jpg?v=1775122751,1,,false,,,,kg,,,active
always-shirt-sage-green,,,,,,,,,S,,,,,,,,WS05-SageGreen-S,0.0,shopify,10,deny,manual,7890.00,,true,true,,,,,,https://cdn.shopify.com/s/files/1/0996/6485/5319/files/DSC04020.jpg?v=1775122757,2,,,,,,kg,,,
always-shirt-sage-green,,,,,,,,,M,,,,,,,,WS05-SageGreen-M,0.0,shopify,10,deny,manual,7890.00,,true,true,,,,,,https://cdn.shopify.com/s/files/1/0996/6485/5319/files/DSC04021.jpg?v=1775122763,3,,,,,,kg,,,
always-shirt-sage-green,,,,,,,,,L,,,,,,,,WS05-SageGreen-L,0.0,shopify,10,deny,manual,7890.00,,true,true,,,,,,https://cdn.shopify.com/s/files/1/0996/6485/5319/files/DSC04026.jpg?v=1775122768,4,,,,,,kg,,,
always-shirt-sage-green,,,,,,,,,XL,,,,,,,,WS05-SageGreen-XL,0.0,shopify,10,deny,manual,7890.00,,true,true,,,,,,https://cdn.shopify.com/s/files/1/0996/6485/5319/files/DSC04032.jpg?v=1775122776,5,,,,,,kg,,,
always-shirt-sage-green,,,,,,,,,,,,,,,,,,,,,,,,,,,,,,,,https://cdn.shopify.com/s/files/1/0996/6485/5319/files/DSC04039.jpg?v=1775122781,6,,,,,,,,,
always-shirt-soft-teal,Always Shirt - Soft Teal,"<div class=""product-description"">Same shirt. A whole different conversation.<br>In soft teal hemp, the Always Shirt feels calmer, more composed. The silhouette stays the same, shaped through the waist with subtle structure that can be adjusted as needed.<br>Flower-shaped shell buttons run along the front, adding detail without excess. Fabric buttons at the sides allow the form to shift, worn relaxed or drawn in closer to the body.<br>Worn in colour, it holds a quiet depth. Subtle. Grounded.<br>Still the most useful shirt in the wardrobe.<br>
</div>
<div class=""fabric-fit"">
<h4>Fabric &amp; Fit</h4>Fabric: 100% Hemp <br>Color: Azo free dyed Soft Teal<br>Fit: Oversized Fit if worn as it is, Cinched at the waist once closed, Length: 28""<br>Model Fit: Model is 5'7"" / wearing size S</div>
<div class=""washcare"">
<h4>Care Instructions</h4>Care :<br>● Wash in cold water (below 30°C) <br>● Use a mild, pH-neutral detergent <br>● Hand wash or gentle machine cycle <br>● Air dry in shade; avoid high heat      <br>● Iron on low to medium heat, preferably when slightly damp <br>● Avoid bleach and harsh chemicals <br>● Do not overwash: air between wears to keep it fresh <br>● Spot clean when possible instead of full washing <br><br>Note :<br>● Wash separately for the first few washes, as slight colour release may occur. <br>● Garments with hand embroidery are best cared for through dry cleaning. <br>● Subtle variations in colour and texture are natural. Each piece is unique. Just a little care, and the fabric will take care of the rest.</div>",Soulmead,,Shirt,"Shirt, Soft Teal",true,Size,XS,,,,,,,,WS05-SoftTeal-XS,0.0,shopify,10,deny,manual,7890.00,,true,true,,,,,,https://cdn.shopify.com/s/files/1/0996/6485/5319/files/DSC03703.jpg?v=1775121887,1,,false,,,,kg,,,active
always-shirt-soft-teal,,,,,,,,,S,,,,,,,,WS05-SoftTeal-S,0.0,shopify,10,deny,manual,7890.00,,true,true,,,,,,,,,,,,,kg,,,
always-shirt-soft-teal,,,,,,,,,M,,,,,,,,WS05-SoftTeal-M,0.0,shopify,10,deny,manual,7890.00,,true,true,,,,,,,,,,,,,kg,,,
always-shirt-soft-teal,,,,,,,,,L,,,,,,,,WS05-SoftTeal-L,0.0,shopify,10,deny,manual,7890.00,,true,true,,,,,,,,,,,,,kg,,,
always-shirt-soft-teal,,,,,,,,,XL,,,,,,,,WS05-SoftTeal-XL,0.0,shopify,10,deny,manual,7890.00,,true,true,,,,,,,,,,,,,kg,,,
always-shirt-rust-bloom,Always Shirt - Rust Bloom,"<div class=""product-description"">Same shirt. A whole different conversation.<br>In rust bloom hemp, the Always Shirt feels warmer, more expressive. The silhouette stays the same, shaped through the waist with subtle structure that can be adjusted as needed.<br>Flower-shaped shell buttons run along the front, adding detail without excess. Fabric buttons at the sides allow the form to shift, worn relaxed or drawn in closer to the body.<br>Worn rich, it carries a quiet intensity. Earthy. Assured.<br>Still the most useful shirt in the wardrobe</div>
<div class=""fabric-fit"">
<h4>Fabric &amp; Fit</h4>Fabric: 100% Hemp<br>Color: Azo free dyed Rust Bloom<br>Fit: Oversized Fit if worn as it is, Cinched at the waist once closed, Length: 28""<br>Model Fit: Model is 5'6"" / wearing size S<br>
</div>
<div class=""washcare"">
<h4>Care Instructions</h4>Care :<br>● Wash in cold water (below 30°C) <br>● Use a mild, pH-neutral detergent <br>● Hand wash or gentle machine cycle <br>● Air dry in shade; avoid high heat      <br>● Iron on low to medium heat, preferably when slightly damp <br>● Avoid bleach and harsh chemicals <br>● Do not overwash: air between wears to keep it fresh <br>● Spot clean when possible instead of full washing <br><br>Note :<br>● Wash separately for the first few washes, as slight colour release may occur. <br>● Garments with hand embroidery are best cared for through dry cleaning. <br>● Subtle variations in colour and texture are natural. Each piece is unique. Just a little care, and the fabric will take care of the rest.</div>",Soulmead,,Shirt,"Rust Bloom, Shirt",true,Size,XS,,,,,,,,WS05-RustBloom-XS,0.0,shopify,10,deny,manual,7890.00,,true,true,,,,,,https://cdn.shopify.com/s/files/1/0996/6485/5319/files/DSC03674.jpg?v=1775122718,1,,false,,,,kg,,,active
always-shirt-rust-bloom,,,,,,,,,S,,,,,,,,WS05-RustBloom-S,0.0,shopify,10,deny,manual,7890.00,,true,true,,,,,,https://cdn.shopify.com/s/files/1/0996/6485/5319/files/DSC03678.jpg?v=1775122723,2,,,,,,kg,,,
always-shirt-rust-bloom,,,,,,,,,M,,,,,,,,WS05-RustBloom-M,0.0,shopify,10,deny,manual,7890.00,,true,true,,,,,,https://cdn.shopify.com/s/files/1/0996/6485/5319/files/DSC03687.jpg?v=1775122729,3,,,,,,kg,,,
always-shirt-rust-bloom,,,,,,,,,L,,,,,,,,WS05-RustBloom-L,0.0,shopify,10,deny,manual,7890.00,,true,true,,,,,,https://cdn.shopify.com/s/files/1/0996/6485/5319/files/DSC03690.jpg?v=1775122740,4,,,,,,kg,,,
always-shirt-rust-bloom,,,,,,,,,XL,,,,,,,,WS05-RustBloom-XL,0.0,shopify,10,deny,manual,7890.00,,true,true,,,,,,https://cdn.shopify.com/s/files/1/0996/6485/5319/files/DSC03695.jpg?v=1775122746,5,,,,,,kg,,,
always-shirt-pearl-white,Always Shirt - Pearl White,"<div class=""product-description"">Same shirt. A whole different conversation.<br>In pearl white, the Always Shirt feels lighter, more open. The silhouette stays the same, shaped through the waist with subtle structure that can be adjusted as needed.<br>Flower-shaped shell buttons run along the front, adding detail without excess. Fabric buttons at the sides allow the form to shift, worn relaxed or drawn in closer to the body.<br>Worn light, it moves with ease. Effortless. Clear.<br>Still the most useful shirt in the wardrobe.</div>
<div class=""fabric-fit"">
<h4>Fabric &amp; Fit</h4>Fabric: 100% Hemp<br>Color: Pearl White<br>Fit: Oversized Fit if worn as it is, Cinched at the waist once closed, Length: 28""<br>Model Fit: Model is 5'6"" / wearing size S</div>
<div class=""washcare"">
<h4>Care Instructions</h4>Care :<br>● Wash in cold water (below 30°C) <br>● Use a mild, pH-neutral detergent <br>● Hand wash or gentle machine cycle <br>● Air dry in shade; avoid high heat      <br>● Iron on low to medium heat, preferably when slightly damp <br>● Avoid bleach and harsh chemicals <br>● Do not overwash: air between wears to keep it fresh <br>● Spot clean when possible instead of full washing <br><br>Note :<br>● Wash separately for the first few washes, as slight colour release may occur. <br>● Garments with hand embroidery are best cared for through dry cleaning. <br>● Subtle variations in colour and texture are natural. Each piece is unique. Just a little care, and the fabric will take care of the rest.</div>",Soulmead,,Shirt,"Pearl White, Shirt",true,Size,XS,,,,,,,,WS05-PearlWhite-XS,0.0,shopify,10,deny,manual,7890.00,,true,true,,,,,,https://cdn.shopify.com/s/files/1/0996/6485/5319/files/DSC04259.jpg?v=1775122688,1,,false,,,,kg,,,active
always-shirt-pearl-white,,,,,,,,,S,,,,,,,,WS05-PearlWhite-S,0.0,shopify,10,deny,manual,7890.00,,true,true,,,,,,https://cdn.shopify.com/s/files/1/0996/6485/5319/files/DSC04260.jpg?v=1775122694,2,,,,,,kg,,,
always-shirt-pearl-white,,,,,,,,,M,,,,,,,,WS05-PearlWhite-M,0.0,shopify,10,deny,manual,7890.00,,true,true,,,,,,https://cdn.shopify.com/s/files/1/0996/6485/5319/files/DSC04263.jpg?v=1775122700,3,,,,,,kg,,,
always-shirt-pearl-white,,,,,,,,,L,,,,,,,,WS05-PearlWhite-L,0.0,shopify,10,deny,manual,7890.00,,true,true,,,,,,https://cdn.shopify.com/s/files/1/0996/6485/5319/files/DSC04275.jpg?v=1775122707,4,,,,,,kg,,,
always-shirt-pearl-white,,,,,,,,,XL,,,,,,,,WS05-PearlWhite-XL,0.0,shopify,10,deny,manual,7890.00,,true,true,,,,,,https://cdn.shopify.com/s/files/1/0996/6485/5319/files/DSC04279.jpg?v=1775122712,5,,,,,,kg,,,
always-shirt-dusty-black,Always Shirt - Dusty Black,"<div class=""product-description"">Same shirt. A whole different conversation.<br>In dusty black hemp, the Always Shirt feels more defined. The silhouette stays the same, shaped through the waist with subtle structure that can be adjusted as needed.<br>Flower-shaped shell buttons run along the front, adding detail without excess. Fabric buttons at the sides allow the form to shift, worn relaxed or drawn in closer to the body.<br>Worn darker, it reads with more clarity. Slightly sharper. More resolved.<br>Still the most useful shirt in the wardrobe.</div>
<div class=""fabric-fit"">
<h4>Fabric &amp; Fit</h4>Fabric: 100% Hemp<br>Color: Azo free dyed Dusty Black<br>Fit: Oversized Fit if worn as it is, Cinched at the waist once closed, Length: 28""<br>Model Fit: Model is 5'7""/ wearing size S<br><br>
</div>
<div class=""washcare"">
<h4>Care Instructions</h4>Care :<br>● Wash in cold water (below 30°C) <br>● Use a mild, pH-neutral detergent <br>● Hand wash or gentle machine cycle <br>● Air dry in shade; avoid high heat      <br>● Iron on low to medium heat, preferably when slightly damp <br>● Avoid bleach and harsh chemicals <br>● Do not overwash: air between wears to keep it fresh <br>● Spot clean when possible instead of full washing <br><br>Note :<br>● Wash separately for the first few washes, as slight colour release may occur. <br>● Garments with hand embroidery are best cared for through dry cleaning. <br>● Subtle variations in colour and texture are natural. Each piece is unique. Just a little care, and the fabric will take care of the rest.</div>",Soulmead,,Shirt,"Dusty Black, Shirt",true,Size,XS,,,,,,,,WS05-DustyBlack-XS,0.0,shopify,10,deny,manual,7890.00,,true,true,,,,,,https://cdn.shopify.com/s/files/1/0996/6485/5319/files/DSC04228.jpg?v=1775122660,1,,false,,,,kg,,,active
always-shirt-dusty-black,,,,,,,,,S,,,,,,,,WS05-DustyBlack-S,0.0,shopify,10,deny,manual,7890.00,,true,true,,,,,,https://cdn.shopify.com/s/files/1/0996/6485/5319/files/DSC04240.jpg?v=1775122666,2,,,,,,kg,,,
always-shirt-dusty-black,,,,,,,,,M,,,,,,,,WS05-DustyBlack-M,0.0,shopify,10,deny,manual,7890.00,,true,true,,,,,,https://cdn.shopify.com/s/files/1/0996/6485/5319/files/DSC04248.jpg?v=1775122671,3,,,,,,kg,,,
always-shirt-dusty-black,,,,,,,,,L,,,,,,,,WS05-DustyBlack-L,0.0,shopify,10,deny,manual,7890.00,,true,true,,,,,,https://cdn.shopify.com/s/files/1/0996/6485/5319/files/DSC04251.jpg?v=1775122677,4,,,,,,kg,,,
always-shirt-dusty-black,,,,,,,,,XL,,,,,,,,WS05-DustyBlack-XL,0.0,shopify,10,deny,manual,7890.00,,true,true,,,,,,https://cdn.shopify.com/s/files/1/0996/6485/5319/files/DSC04255.jpg?v=1775122683,5,,,,,,kg,,,
blue-hour-set-indigo,Blue Hour Set - Indigo,"<div class=""product-description"">Structure with room to breathe.<br>The shirt takes a jacket-like approach with clean lines, slightly structured, but never rigid. Hand embroidery follows the collar, sitting close to the construction rather than standing apart. Natural shell buttons fasten the front, keeping the finish simple but with style.<br>Adjustable side openings shift the silhouette as needed, worn closer to the body or left loose, depending on your mood.<br>The trousers balance it out. Wide-legged, fluid, and easy through movement, they soften the structure of the top without losing presence.<br>Worn together, it holds a quiet balance between form and ease.</div>
<div class=""fabric-fit"">
<h4>Fabric &amp; Fit</h4>Fabric: Kala Cotton <br>Color: Yarn dyed Indigo<br>Shirt Fit: Relaxed, Length: 26""<br>Pant Fit: Wide Leg, Length: 42"" across all sizes<br>Model Fit: Model is  5'7""/ wearing size S</div>
<div class=""washcare"">
<h4>Care Instructions</h4>Care :<br>● Wash in cold water only<br>● Use a mild detergent<br>● Wash separately, especially during initial washes<br>● Air dry in shade; avoid direct sunlight<br>● Do not wring or scrub harshly<br>● Iron on low heat, inside out<br>● Avoid bleach and harsh chemicals<br>● Do not overwash: allow the fabric to breathe between wears<br>● Spot clean gently when needed<br><br>Note :<br>● Wash separately for the first few washes, as slight colour release may occur.<br>● Garments with hand embroidery are best cared for through dry cleaning.<br>● Subtle variations in colour and texture are natural. Each piece is unique.<br>Just a little care, and the fabric will take care of the rest.</div>",Soulmead,,Co-ord Set,"Co-ord Set, Indigo",true,Size,XS,,,,,,,,WS04+ WP04-Indigo-XS,0.0,shopify,10,deny,manual,14680.00,,true,true,,,,,,https://cdn.shopify.com/s/files/1/0996/6485/5319/files/DSC03502.jpg?v=1775122640,1,,false,,,,kg,,,active
blue-hour-set-indigo,,,,,,,,,S,,,,,,,,WS04+ WP04-Indigo-S,0.0,shopify,10,deny,manual,14680.00,,true,true,,,,,,https://cdn.shopify.com/s/files/1/0996/6485/5319/files/DSC03503.jpg?v=1775122645,2,,,,,,kg,,,
blue-hour-set-indigo,,,,,,,,,M,,,,,,,,WS04+ WP04-Indigo-M,0.0,shopify,10,deny,manual,14680.00,,true,true,,,,,,https://cdn.shopify.com/s/files/1/0996/6485/5319/files/WS04_A.jpg?v=1775122648,3,,,,,,kg,,,
blue-hour-set-indigo,,,,,,,,,L,,,,,,,,WS04+ WP04-Indigo-L,0.0,shopify,10,deny,manual,14680.00,,true,true,,,,,,https://cdn.shopify.com/s/files/1/0996/6485/5319/files/WS04_B.jpg?v=1775122651,4,,,,,,kg,,,
blue-hour-set-indigo,,,,,,,,,XL,,,,,,,,WS04+ WP04-Indigo-XL,0.0,shopify,10,deny,manual,14680.00,,true,true,,,,,,https://cdn.shopify.com/s/files/1/0996/6485/5319/files/WS04_C.jpg?v=1775122654,5,,,,,,kg,,,
dune-set-camel,Dune Set - Camel,"<div class=""product-description"">A co-ord set that does the work of an entire wardrobe.<br>The shirt is relaxed but defined - short sleeves, a notched collar, and a clean button placket that keeps it grounded. Vertical panel lines run along one side, interrupted by checkered embroidery. The same detail appears on the sleeve - subtle, but enough to be noticed over time.<br>The trousers follow through with the same intent - straight fit, easy at the waist, built for movement without losing shape. Stitch lines along the side panels echo the structure of the shirt, keeping the set connected without trying too hard.<br>Worn together, it feels complete. Worn separately, it still holds.</div>
<div class=""fabric-fit"">
<h4>Fabric &amp; Fit</h4>Fabric: Kala Cotton <br>Color: Azo free dyed Camel <br>Shirt Fit: Relaxed, Length: 25""<br>Pant Fit: Straight, Length: 40"" across all sizes<br>Model Fit: Model is 5'7"" / wearing size S<br>
</div>
<div class=""washcare"">
<h4>Care Instructions</h4>Care :<br>● Wash in cold water only<br>● Use a mild detergent<br>● Wash separately, especially during initial washes<br>● Air dry in shade; avoid direct sunlight<br>● Do not wring or scrub harshly<br>● Iron on low heat, inside out<br>● Avoid bleach and harsh chemicals<br>● Do not overwash: allow the fabric to breathe between wears<br>● Spot clean gently when needed<br><br>Note :<br>● Wash separately for the first few washes, as slight colour release may occur.<br>● Garments with hand embroidery are best cared for through dry cleaning.<br>● Subtle variations in colour and texture are natural. Each piece is unique.<br>Just a little care, and the fabric will take care of the rest.</div>",Soulmead,,Co-ord Set,"Camel, Co-ord Set",true,Size,XS,,,,,,,,WS02 + WP03-Camel-XS,0.0,shopify,10,deny,manual,14380.00,,true,true,,,,,,https://cdn.shopify.com/s/files/1/0996/6485/5319/files/DSC03515.jpg?v=1775121823,1,,false,,,,kg,,,active
dune-set-camel,,,,,,,,,S,,,,,,,,WS02 + WP03-Camel-S,0.0,shopify,10,deny,manual,14380.00,,true,true,,,,,,,,,,,,,kg,,,
dune-set-camel,,,,,,,,,M,,,,,,,,WS02 + WP03-Camel-M,0.0,shopify,10,deny,manual,14380.00,,true,true,,,,,,,,,,,,,kg,,,
dune-set-camel,,,,,,,,,L,,,,,,,,WS02 + WP03-Camel-L,0.0,shopify,10,deny,manual,14380.00,,true,true,,,,,,,,,,,,,kg,,,
dune-set-camel,,,,,,,,,XL,,,,,,,,WS02 + WP03-Camel-XL,0.0,shopify,10,deny,manual,14380.00,,true,true,,,,,,,,,,,,,kg,,,
easy-day-set-indigo,Easy Day Set - Indigo,"<div class=""product-description"">Slow down. That’s where this set belongs.<br>The Easy Day Set is built for days that don’t ask for too much - just ease, comfort, and a sense of being put together without trying.<br>The shirt leads with familiarity. A classic collar, a clean front placket, and a relaxed fit that moves with you. Vertical panel construction adds quiet structure, while hand-embroidered French knots trace along the seams - subtle and tactile. A curved hem lets you wear it your way, tucked or left out, without overthinking. Structured cuffs keep it grounded.<br>The pant balances it out. Tailored, straight, and easy through the leg - designed to sit clean without feeling restrictive. It completes the set with the same intention: simple, but not basic.<br>In naturally dyed indigo, the deep blue emerges from plant-based dyes: rich, time-honored, and beautifully alive.</div>
<div class=""fabric-fit"">
<h4>Fabric &amp; Fit</h4>Fabric: Kala Cotton <br>Color: Yarn dyed Indigo<br>Shirt Fit: Relaxed, Length: 25""<br>Pant Fit: Tailored Straight Fit, Length: 40"" across all sizes<br>Model Fit: Model is 5'6""/ wearing size S<br>
</div>
<div class=""washcare"">
<h4>Care Instructions</h4>Care :<br>● Wash in cold water only<br>● Use a mild detergent<br>● Wash separately, especially during initial washes<br>● Air dry in shade; avoid direct sunlight<br>● Do not wring or scrub harshly<br>● Iron on low heat, inside out<br>● Avoid bleach and harsh chemicals<br>● Do not overwash: allow the fabric to breathe between wears<br>● Spot clean gently when needed<br><br>Note :<br>● Wash separately for the first few washes, as slight colour release may occur.<br>● Garments with hand embroidery are best cared for through dry cleaning.<br>● Subtle variations in colour and texture are natural. Each piece is unique.<br>Just a little care, and the fabric will take care of the rest.</div>",Soulmead,,Shirt,"Indigo, Shirt",true,Size,XS,,,,,,,,WS01- WP03-Indigo-XS,0.0,shopify,10,deny,manual,13380.00,,true,true,,,,,,https://cdn.shopify.com/s/files/1/0996/6485/5319/files/DSC03426.jpg?v=1775122596,1,,false,,,,kg,,,active
easy-day-set-indigo,,,,,,,,,S,,,,,,,,WS01- WP03-Indigo-S,0.0,shopify,10,deny,manual,13380.00,,true,true,,,,,,https://cdn.shopify.com/s/files/1/0996/6485/5319/files/DSC03445.jpg?v=1775122601,2,,,,,,kg,,,
easy-day-set-indigo,,,,,,,,,M,,,,,,,,WS01- WP03-Indigo-M,0.0,shopify,10,deny,manual,13380.00,,true,true,,,,,,https://cdn.shopify.com/s/files/1/0996/6485/5319/files/DSC03449.jpg?v=1775122616,3,,,,,,kg,,,
easy-day-set-indigo,,,,,,,,,L,,,,,,,,WS01- WP03-Indigo-L,0.0,shopify,10,deny,manual,13380.00,,true,true,,,,,,https://cdn.shopify.com/s/files/1/0996/6485/5319/files/DSC03451.jpg?v=1775122622,4,,,,,,kg,,,
easy-day-set-indigo,,,,,,,,,XL,,,,,,,,WS01- WP03-Indigo-XL,0.0,shopify,10,deny,manual,13380.00,,true,true,,,,,,https://cdn.shopify.com/s/files/1/0996/6485/5319/files/DSC03457.jpg?v=1775122635,5,,,,,,kg,,,
easy-day-set-ecru,Easy Day Set - Ecru,"<div class=""product-description"">Slow down. That’s where this set belongs.<br>The Easy Day Set is built for days that don’t ask for too much - just ease, comfort, and a sense of being put together without trying.<br>The shirt leads with familiarity. A classic collar, a clean front placket, and a relaxed fit that moves with you. Vertical panel construction adds quiet structure, while hand-embroidered French knots trace along the seams - subtle and tactile. A curved hem lets you wear it your way, tucked or left out, without overthinking. Structured cuffs keep it grounded.<br>The pant balances it out. Tailored, straight, and easy through the leg - designed to sit clean without feeling restrictive. It completes the set with the same intention: simple, but not basic.<br>In undyed Kala cotton, the ecru tone is exactly as the fabric is born : untouched, unprocessed, honest.</div>
<div class=""fabric-fit"">
<h4>Fabric &amp; Fit</h4>Fabric: Kala Cotton <br>Color: Ecru<br>Shirt Fit: Relaxed, Length: 25""<br>Pant Fit: Tailored Straight Fit, Length: 40"" across all sizes<br>Model Fit: Model is 5'7""/ wearing size S<br>
</div>
<div class=""washcare"">
<h4>Care Instructions</h4>Care :<br>● Wash in cold water only<br>● Use a mild detergent<br>● Wash separately, especially during initial washes<br>● Air dry in shade; avoid direct sunlight<br>● Do not wring or scrub harshly<br>● Iron on low heat, inside out<br>● Avoid bleach and harsh chemicals<br>● Do not overwash: allow the fabric to breathe between wears<br>● Spot clean gently when needed<br><br>Note :<br>● Wash separately for the first few washes, as slight colour release may occur.<br>● Garments with hand embroidery are best cared for through dry cleaning.<br>● Subtle variations in colour and texture are natural. Each piece is unique.<br>Just a little care, and the fabric will take care of the rest.</div>",Soulmead,,Shirt,"Ecru, Shirt",true,Size,XS,,,,,,,,WS01- WP03-Ecru-XS,0.0,shopify,10,deny,manual,13380.00,,true,true,,,,,,https://cdn.shopify.com/s/files/1/0996/6485/5319/files/DSC03024.jpg?v=1775122561,1,,false,,,,kg,,,active
easy-day-set-ecru,,,,,,,,,S,,,,,,,,WS01- WP03-Ecru-S,0.0,shopify,10,deny,manual,13380.00,,true,true,,,,,,https://cdn.shopify.com/s/files/1/0996/6485/5319/files/DSC03032.jpg?v=1775122573,2,,,,,,kg,,,
easy-day-set-ecru,,,,,,,,,M,,,,,,,,WS01- WP03-Ecru-M,0.0,shopify,10,deny,manual,13380.00,,true,true,,,,,,https://cdn.shopify.com/s/files/1/0996/6485/5319/files/DSC03050.jpg?v=1775122578,3,,,,,,kg,,,
easy-day-set-ecru,,,,,,,,,L,,,,,,,,WS01- WP03-Ecru-L,0.0,shopify,10,deny,manual,13380.00,,true,true,,,,,,https://cdn.shopify.com/s/files/1/0996/6485/5319/files/DSC03053.jpg?v=1775122584,4,,,,,,kg,,,
easy-day-set-ecru,,,,,,,,,XL,,,,,,,,WS01- WP03-Ecru-XL,0.0,shopify,10,deny,manual,13380.00,,true,true,,,,,,https://cdn.shopify.com/s/files/1/0996/6485/5319/files/DSC03059.jpg?v=1775122590,5,,,,,,kg,,,
curve-set-pearl-white,Curve Set - Pearl White,"<div class=""product-description"">In pearl white, structure meets ease.<br>The Curve Set reimagines everyday essentials to better fit your lifestyle. It begins with a distinctive neckline, structured and individual, designed to be the first thing you notice.<br>The silhouette is elongated and clean, creating a look that feels put together without effort. A sleek centre slit introduces movement while keeping the overall form balanced and minimal.<br>Paired with straight leg trousers in hemp, the contrast in fabrics is intentional. The monochrome palette in pearl white brings a sense of ease while still feeling polished.<br>Desk, coffee, everything in between.</div>
<div class=""fabric-fit"">
<h4>Fabric &amp; Fit</h4>Fabric: Hemp Cotton<br>Color: Pearl White<br>Top Fit: Comfort Fit, Structured Waist and Hip, Length: 50""<br>Pant Fit: Tailored Straight Fit, Length: 40"" across all sizes<br>Model Fit: Model is 5'7"" / wearing size S<br>
</div>
<div class=""washcare"">
<h4>Care Instructions</h4>Care :<br>● Wash in cold water<br>● Use a gentle detergent<br>● Machine wash on a mild cycle or hand wash<br>● Air dry preferred, or tumble dry on low heat<br>● Iron on low heat<br>● Avoid bleach and harsh chemicals<br>● Do not overwash: air between wears<br>● Spot clean for small stains instead of full washing<br><br>Note:<br>● Wash separately for the first few washes, as slight colour release may occur.<br>● Garments with hand embroidery are best cared for through dry cleaning.<br>● Subtle variations in colour and texture are natural. Each piece is unique.<br>Just a little care, and the fabric will take care of the rest.</div>",Soulmead,,Co-ord Set,"Co-ord Set, Pearl White",true,Size,XS,,,,,,,,WK01-WP03-A-PearlWhite-XS,0.0,shopify,10,deny,manual,14480.00,,true,true,,,,,,https://cdn.shopify.com/s/files/1/0996/6485/5319/files/DSC04280.jpg?v=1775122528,1,,false,,,,kg,,,active
curve-set-pearl-white,,,,,,,,,S,,,,,,,,WK01-WP03-A-PearlWhite-S,0.0,shopify,10,deny,manual,14480.00,,true,true,,,,,,https://cdn.shopify.com/s/files/1/0996/6485/5319/files/DSC04283.jpg?v=1775122533,2,,,,,,kg,,,
curve-set-pearl-white,,,,,,,,,M,,,,,,,,WK01-WP03-A-PearlWhite-M,0.0,shopify,10,deny,manual,14480.00,,true,true,,,,,,https://cdn.shopify.com/s/files/1/0996/6485/5319/files/DSC04286.jpg?v=1775122539,3,,,,,,kg,,,
curve-set-pearl-white,,,,,,,,,L,,,,,,,,WK01-WP03-A-PearlWhite-L,0.0,shopify,10,deny,manual,14480.00,,true,true,,,,,,https://cdn.shopify.com/s/files/1/0996/6485/5319/files/DSC04291.jpg?v=1775122544,4,,,,,,kg,,,
curve-set-pearl-white,,,,,,,,,XL,,,,,,,,WK01-WP03-A-PearlWhite-XL,0.0,shopify,10,deny,manual,14480.00,,true,true,,,,,,https://cdn.shopify.com/s/files/1/0996/6485/5319/files/DSC04298.jpg?v=1775122550,5,,,,,,kg,,,
curve-set-pearl-white,,,,,,,,,,,,,,,,,,,,,,,,,,,,,,,,https://cdn.shopify.com/s/files/1/0996/6485/5319/files/DSC04322.jpg?v=1775122556,6,,,,,,,,,
arc-dress-soft-teal,Arc Dress - Soft Teal,"<div class=""product-description"">In soft teal, the detail rises to the surface.<br>The Arc Dress is defined by its shoulders, where craft meets form. Hand-embroidered panels carry french knots, wooden beads, and shell accents, placed to draw ones eye.<br>The rest of the dress holds back. A clean neckline, an easy flare, and a silhouette that moves without effort.<br>It’s a piece that lets its detail breathe. Pockets, always. <br>Work, wander, everything in between.</div>
<div class=""fabric-fit"">
<h4>Fabric &amp; Fit</h4>Fabric: Hemp Cotton<br>Color: Azo free dyed Soft Teal<br>Dress Fit: Relaxed fit through the hip and waist, Length:52""<br>Model Fit: Model is 5'7"" / wearing size S<br>
</div>
<div class=""washcare"">
<h4>Care Instructions</h4>Care :<br>● Wash in cold water<br>● Use a gentle detergent<br>● Machine wash on a mild cycle or hand wash<br>● Air dry preferred, or tumble dry on low heat<br>● Iron on low heat<br>● Avoid bleach and harsh chemicals<br>● Do not overwash: air between wears<br>● Spot clean for small stains instead of full washing<br><br>Note:<br>● Wash separately for the first few washes, as slight colour release may occur.<br>● Garments with hand embroidery are best cared for through dry cleaning.<br>● Subtle variations in colour and texture are natural. Each piece is unique.<br>Just a little care, and the fabric will take care of the rest.</div>",Soulmead,,Dress,"Dress, Soft Teal",true,Size,XS,,,,,,,,WD11-SoftTeal-XS,0.0,shopify,10,deny,manual,12890.00,,true,true,,,,,,https://cdn.shopify.com/s/files/1/0996/6485/5319/files/DSC04356.jpg?v=1775122501,1,,false,,,,kg,,,active
arc-dress-soft-teal,,,,,,,,,S,,,,,,,,WD11-SoftTeal-S,0.0,shopify,10,deny,manual,12890.00,,true,true,,,,,,https://cdn.shopify.com/s/files/1/0996/6485/5319/files/DSC04357.jpg?v=1775122506,2,,,,,,kg,,,
arc-dress-soft-teal,,,,,,,,,M,,,,,,,,WD11-SoftTeal-M,0.0,shopify,10,deny,manual,12890.00,,true,true,,,,,,https://cdn.shopify.com/s/files/1/0996/6485/5319/files/DSC04361.jpg?v=1775122511,3,,,,,,kg,,,
arc-dress-soft-teal,,,,,,,,,L,,,,,,,,WD11-SoftTeal-L,0.0,shopify,10,deny,manual,12890.00,,true,true,,,,,,https://cdn.shopify.com/s/files/1/0996/6485/5319/files/DSC04367.jpg?v=1775122517,4,,,,,,kg,,,
arc-dress-soft-teal,,,,,,,,,XL,,,,,,,,WD11-SoftTeal-XL,0.0,shopify,10,deny,manual,12890.00,,true,true,,,,,,https://cdn.shopify.com/s/files/1/0996/6485/5319/files/DSC04371.jpg?v=1775122521,5,,,,,,kg,,,
arc-dress-dusty-black,Arc Dress - Dusty Black,"<div class=""product-description"">In dusty black, the detail rises to the surface.<br>The Arc Dress is defined by its shoulders, where craft meets form. Hand-embroidered panels carry french knots, wooden beads, and shell accents, placed to draw ones eye.<br>The rest of the dress holds back. A clean neckline, an easy flare, and a silhouette that moves without effort. <br>It’s a piece that lets its detail breathe. Pockets, as always. <br>Work, wander, everything in between.</div>
<div class=""fabric-fit"">
<h4>Fabric &amp; Fit</h4>Fabric: Hemp Cotton<br>Color: Azo free dyed Dusty Black<br>Dress Fit: Relaxed fit through the hip and waist, Length: 52""<br>Model Fit: Model is 5'6""/ wearing size S<br>
</div>
<div class=""washcare"">
<h4>Care Instructions</h4>Care :<br>● Wash in cold water<br>● Use a gentle detergent<br>● Machine wash on a mild cycle or hand wash<br>● Air dry preferred, or tumble dry on low heat<br>● Iron on low heat<br>● Avoid bleach and harsh chemicals<br>● Do not overwash: air between wears<br>● Spot clean for small stains instead of full washing<br><br>Note:<br>● Wash separately for the first few washes, as slight colour release may occur.<br>● Garments with hand embroidery are best cared for through dry cleaning.<br>● Subtle variations in colour and texture are natural. Each piece is unique.<br>Just a little care, and the fabric will take care of the rest.</div>",Soulmead,,Dress,"Dress, Dusty Black",true,Size,XS,,,,,,,,WD11-DustyBlack-XS,0.0,shopify,10,deny,manual,12890.00,,true,true,,,,,,https://cdn.shopify.com/s/files/1/0996/6485/5319/files/DSC04118.jpg?v=1775122474,1,,false,,,,kg,,,active
arc-dress-dusty-black,,,,,,,,,S,,,,,,,,WD11-DustyBlack-S,0.0,shopify,10,deny,manual,12890.00,,true,true,,,,,,https://cdn.shopify.com/s/files/1/0996/6485/5319/files/DSC04126.jpg?v=1775122479,2,,,,,,kg,,,
arc-dress-dusty-black,,,,,,,,,M,,,,,,,,WD11-DustyBlack-M,0.0,shopify,10,deny,manual,12890.00,,true,true,,,,,,https://cdn.shopify.com/s/files/1/0996/6485/5319/files/DSC04127.jpg?v=1775122485,3,,,,,,kg,,,
arc-dress-dusty-black,,,,,,,,,L,,,,,,,,WD11-DustyBlack-L,0.0,shopify,10,deny,manual,12890.00,,true,true,,,,,,https://cdn.shopify.com/s/files/1/0996/6485/5319/files/DSC04142.jpg?v=1775122491,4,,,,,,kg,,,
arc-dress-dusty-black,,,,,,,,,XL,,,,,,,,WD11-DustyBlack-XL,0.0,shopify,10,deny,manual,12890.00,,true,true,,,,,,https://cdn.shopify.com/s/files/1/0996/6485/5319/files/DSC04143.jpg?v=1775122496,5,,,,,,kg,,,
effortless-dress-pearl-white,Effortless Dress - Pearl White,"<div class=""product-description"">Some silhouettes know how to stand still and still command attention.<br>The Effortless Dress is exactly that, a long, uninterrupted line that holds its ground without excess. Clean and considered, the silhouette lets the collar lead. Structured and softly sculpted, it frames the neckline with intent, turning a minimal form into something perposeful.<br>Nothing rushed. Nothing unnecessary.<br>A straight fall, a subtle side slit for ease, and proportions that feel lived in from the first wear.<br>Pockets - deep, functional, and expected.<br>The dress has already thought it through.</div>
<div class=""fabric-fit"">
<h4>Fabric &amp; Fit</h4>Fabric: Hemp Cotton<br>Color: Pearl White<br>Dress Fit: Comfort, Length-52""<br>Model Fit: Model is 5'6"" / wearing size S<br>
</div>
<div class=""washcare"">
<h4>Care Instructions</h4>Care :<br>● Wash in cold water<br>● Use a gentle detergent<br>● Machine wash on a mild cycle or hand wash<br>● Air dry preferred, or tumble dry on low heat<br>● Iron on low heat<br>● Avoid bleach and harsh chemicals<br>● Do not overwash: air between wears<br>● Spot clean for small stains instead of full washing<br><br>Note:<br>● Wash separately for the first few washes, as slight colour release may occur.<br>● Garments with hand embroidery are best cared for through dry cleaning.<br>● Subtle variations in colour and texture are natural. Each piece is unique.<br>Just a little care, and the fabric will take care of the rest.</div>",Soulmead,,Dress,"Dress, Pearl White",true,Size,XS,,,,,,,,WD10-PearlWhite-XS,0.0,shopify,10,deny,manual,11890.00,,true,true,,,,,,https://cdn.shopify.com/s/files/1/0996/6485/5319/files/DSC04337.jpg?v=1775122412,1,,false,,,,kg,,,active
effortless-dress-pearl-white,,,,,,,,,S,,,,,,,,WD10-PearlWhite-S,0.0,shopify,10,deny,manual,11890.00,,true,true,,,,,,https://cdn.shopify.com/s/files/1/0996/6485/5319/files/DSC04338.jpg?v=1775122418,2,,,,,,kg,,,
effortless-dress-pearl-white,,,,,,,,,M,,,,,,,,WD10-PearlWhite-M,0.0,shopify,10,deny,manual,11890.00,,true,true,,,,,,https://cdn.shopify.com/s/files/1/0996/6485/5319/files/DSC04339.jpg?v=1775122423,3,,,,,,kg,,,
effortless-dress-pearl-white,,,,,,,,,L,,,,,,,,WD10-PearlWhite-L,0.0,shopify,10,deny,manual,11890.00,,true,true,,,,,,https://cdn.shopify.com/s/files/1/0996/6485/5319/files/DSC04346_copy.jpg?v=1775122439,4,,,,,,kg,,,
effortless-dress-pearl-white,,,,,,,,,XL,,,,,,,,WD10-PearlWhite-XL,0.0,shopify,10,deny,manual,11890.00,,true,true,,,,,,https://cdn.shopify.com/s/files/1/0996/6485/5319/files/DSC04346.jpg?v=1775122445,5,,,,,,kg,,,
effortless-dress-pearl-white,,,,,,,,,,,,,,,,,,,,,,,,,,,,,,,,https://cdn.shopify.com/s/files/1/0996/6485/5319/files/DSC04348_copy.jpg?v=1775122457,6,,,,,,,,,
effortless-dress-pearl-white,,,,,,,,,,,,,,,,,,,,,,,,,,,,,,,,https://cdn.shopify.com/s/files/1/0996/6485/5319/files/DSC04348.jpg?v=1775122463,7,,,,,,,,,
effortless-dress-sage-green,Effortless Dress - Sage Green,"<div class=""product-description"">Some silhouettes know how to stand still and still command attention.<br>The Effortless Dress is exactly that, a long, uninterrupted line that holds its ground without excess. Clean and considered, the silhouette lets the collar lead. Structured and softly sculpted, it frames the neckline with intent, turning a minimal form into something perposeful.<br>Nothing rushed. Nothing unnecessary.<br>A straight fall, a subtle side slit for ease, and proportions that feel lived in from the first wear.<br>Pockets - deep, functional, and expected.<br>The dress has already thought it through.</div>
<div class=""fabric-fit"">
<h4>Fabric &amp; Fit</h4>Fabric: 100% Hemp<br>Color: Yarn dyed Sage Green<br>Dress Fit- Comfort, Length- 52""<br>Model Fit: Model is 5'7""/ wearing size S<br>
</div>
<div class=""washcare"">
<h4>Care Instructions</h4>Care :<br>● Wash in cold water (below 30°C) <br>● Use a mild, pH-neutral detergent <br>● Hand wash or gentle machine cycle <br>● Air dry in shade; avoid high heat      <br>● Iron on low to medium heat, preferably when slightly damp <br>● Avoid bleach and harsh chemicals <br>● Do not overwash: air between wears to keep it fresh <br>● Spot clean when possible instead of full washing <br><br>Note :<br>● Wash separately for the first few washes, as slight colour release may occur. <br>● Garments with hand embroidery are best cared for through dry cleaning. <br>● Subtle variations in colour and texture are natural. Each piece is unique. Just a little care, and the fabric will take care of the rest.</div>",Soulmead,,Dress,"Dress, Sage Green",true,Size,XS,,,,,,,,WD10-SageGreen-XS,0.0,shopify,10,deny,manual,11890.00,,true,true,,,,,,https://cdn.shopify.com/s/files/1/0996/6485/5319/files/DSC03871.jpg?v=1775122372,1,,false,,,,kg,,,active
effortless-dress-sage-green,,,,,,,,,S,,,,,,,,WD10-SageGreen-S,0.0,shopify,10,deny,manual,11890.00,,true,true,,,,,,https://cdn.shopify.com/s/files/1/0996/6485/5319/files/DSC03877.jpg?v=1775122378,2,,,,,,kg,,,
effortless-dress-sage-green,,,,,,,,,M,,,,,,,,WD10-SageGreen-M,0.0,shopify,10,deny,manual,11890.00,,true,true,,,,,,https://cdn.shopify.com/s/files/1/0996/6485/5319/files/DSC03880.jpg?v=1775122384,3,,,,,,kg,,,
effortless-dress-sage-green,,,,,,,,,L,,,,,,,,WD10-SageGreen-L,0.0,shopify,10,deny,manual,11890.00,,true,true,,,,,,https://cdn.shopify.com/s/files/1/0996/6485/5319/files/DSC03887.jpg?v=1775122389,4,,,,,,kg,,,
effortless-dress-sage-green,,,,,,,,,XL,,,,,,,,WD10-SageGreen-XL,0.0,shopify,10,deny,manual,11890.00,,true,true,,,,,,https://cdn.shopify.com/s/files/1/0996/6485/5319/files/DSC03899.jpg?v=1775122394,5,,,,,,kg,,,
effortless-dress-sage-green,,,,,,,,,,,,,,,,,,,,,,,,,,,,,,,,https://cdn.shopify.com/s/files/1/0996/6485/5319/files/DSC03902.jpg?v=1775122401,6,,,,,,,,,
effortless-dress-sage-green,,,,,,,,,,,,,,,,,,,,,,,,,,,,,,,,https://cdn.shopify.com/s/files/1/0996/6485/5319/files/DSC03911.jpg?v=1775122406,7,,,,,,,,,
daylight-dress-sage-green,Daylight Dress - Sage Green,"<div class=""product-description"">Short dresses rarely have this much to say.<br>The Daylight Dress is built on restraint, where a structured collar does the work of framing, shaping, and defining. Clean and considered brings a sense of polish without feeling rigid.<br>Hand-embroidered French knots appear in small, irregular clusters along the collar and the hem giving it a subtel feel. Each one slightly different, each one intentional.<br>The silhouette is easy, falling straight with just enough room to move. It’s the kind of piece that settles into your day without asking for attention.<br>Pockets are included, of course.</div>
<div class=""fabric-fit"">
<h4>Fabric &amp; Fit</h4>Fabric: 100% Hemp<br>Color: Yarn dyed Sage Green<br>Dress Fit: Relaxed fit through the hip and waist, Length: 33""<br>Model Fit: Model is 5'6""/ wearing size S<br>
</div>
<div class=""washcare"">
<h4>Care Instructions</h4>Care :<br>● Wash in cold water (below 30°C) <br>● Use a mild, pH-neutral detergent <br>● Hand wash or gentle machine cycle <br>● Air dry in shade; avoid high heat      <br>● Iron on low to medium heat, preferably when slightly damp <br>● Avoid bleach and harsh chemicals <br>● Do not overwash: air between wears to keep it fresh <br>● Spot clean when possible instead of full washing <br><br>Note :<br>● Wash separately for the first few washes, as slight colour release may occur. <br>● Garments with hand embroidery are best cared for through dry cleaning. <br>● Subtle variations in colour and texture are natural. Each piece is unique. Just a little care, and the fabric will take care of the rest.</div>",Soulmead,,Dress,"Dress, Sage Green",true,Size,XS,,,,,,,,WD08-SageGreen-XS,0.0,shopify,10,deny,manual,8890.00,,true,true,,,,,,https://cdn.shopify.com/s/files/1/0996/6485/5319/files/DSC03819.jpg?v=1775122344,1,,false,,,,kg,,,active
daylight-dress-sage-green,,,,,,,,,S,,,,,,,,WD08-SageGreen-S,0.0,shopify,10,deny,manual,8890.00,,true,true,,,,,,https://cdn.shopify.com/s/files/1/0996/6485/5319/files/DSC03829.jpg?v=1775122349,2,,,,,,kg,,,
daylight-dress-sage-green,,,,,,,,,M,,,,,,,,WD08-SageGreen-M,0.0,shopify,10,deny,manual,8890.00,,true,true,,,,,,https://cdn.shopify.com/s/files/1/0996/6485/5319/files/DSC03843.jpg?v=1775122355,3,,,,,,kg,,,
daylight-dress-sage-green,,,,,,,,,L,,,,,,,,WD08-SageGreen-L,0.0,shopify,10,deny,manual,8890.00,,true,true,,,,,,https://cdn.shopify.com/s/files/1/0996/6485/5319/files/DSC03848.jpg?v=1775122360,4,,,,,,kg,,,
daylight-dress-sage-green,,,,,,,,,XL,,,,,,,,WD08-SageGreen-XL,0.0,shopify,10,deny,manual,8890.00,,true,true,,,,,,https://cdn.shopify.com/s/files/1/0996/6485/5319/files/DSC03851.jpg?v=1775122366,5,,,,,,kg,,,
rosette-dress-rust-bloom,Rosette Dress - Rust Bloom,"<div class=""product-description"">A front-wrap dress that lets simplicity shine, celebrating effortless style in every curve.The Rosette Dress features an asymmetric wrap and a naturally falling V-neckline, creating effortless shape and elegance.The diagonal front creates movement across the body, subtle but defined, giving the silhouette its structure.<br>Along the neckline and running through the wrap, hand-embroidered French knots appear in irregular clusters - imperfect and intentional. Fabric-covered buttons fasten the wrap, becoming both closure and detail.<br>Pockets. Real ones.<br>In rust bloom, a tone that shifts with light - warm in the day, deeper as it settles.</div>
<div class=""fabric-fit"">
<h4>Fabric &amp; Fit</h4>Fabric: Hemp Cotton<br>Color: Azo free dyed Rust Bloom<br>Dress Fit: Comfort, Length: 36.5""<br>Model Fit: Model is 5'7"" / wearing size S<br>
</div>
<div class=""washcare"">
<h4>Care Instructions</h4>Care :<br>● Wash in cold water<br>● Use a gentle detergent<br>● Machine wash on a mild cycle or hand wash<br>● Air dry preferred, or tumble dry on low heat<br>● Iron on low heat<br>● Avoid bleach and harsh chemicals<br>● Do not overwash: air between wears<br>● Spot clean for small stains instead of full washing<br><br>Note:<br>● Wash separately for the first few washes, as slight colour release may occur.<br>● Garments with hand embroidery are best cared for through dry cleaning.<br>● Subtle variations in colour and texture are natural. Each piece is unique.<br>Just a little care, and the fabric will take care of the rest.</div>",Soulmead,,Dress,"Dress, Rust Bloom",true,Size,XS,,,,,,,,WD07-RustBloom-XS,0.0,shopify,10,deny,manual,12490.00,,true,true,,,,,,https://cdn.shopify.com/s/files/1/0996/6485/5319/files/DSC03771.jpg?v=1775122321,1,,false,,,,kg,,,active
rosette-dress-rust-bloom,,,,,,,,,S,,,,,,,,WD07-RustBloom-S,0.0,shopify,10,deny,manual,12490.00,,true,true,,,,,,https://cdn.shopify.com/s/files/1/0996/6485/5319/files/DSC03778.jpg?v=1775122328,2,,,,,,kg,,,
rosette-dress-rust-bloom,,,,,,,,,M,,,,,,,,WD07-RustBloom-M,0.0,shopify,10,deny,manual,12490.00,,true,true,,,,,,https://cdn.shopify.com/s/files/1/0996/6485/5319/files/DSC03787.jpg?v=1775122333,3,,,,,,kg,,,
rosette-dress-rust-bloom,,,,,,,,,L,,,,,,,,WD07-RustBloom-L,0.0,shopify,10,deny,manual,12490.00,,true,true,,,,,,https://cdn.shopify.com/s/files/1/0996/6485/5319/files/DSC03804.jpg?v=1775122338,4,,,,,,kg,,,
rosette-dress-rust-bloom,,,,,,,,,XL,,,,,,,,WD07-RustBloom-XL,0.0,shopify,10,deny,manual,12490.00,,true,true,,,,,,,,,,,,,kg,,,
twofold-dress-rust-bloom,Twofold Dress - Rust Bloom,"<div class=""product-description"">Two colours. One silhouette. Exactly as intended.<br>The Twofold Dress is a quiet play with contrast - a half-and-half construction where dusty black meets rust bloom in a clean line. The seam isn’t hidden; it’s where the story unfolds. French knots, wooden beads, and shell trace the meeting point, giving structure some movement.<br>An asymmetric neckline adds edge. The straight silhouette falls with ease, while the relaxed sleeves keep it grounded in comfort. A side slit breaks the line - subtle, but intentional - allowing movement without distraction.<br>of course we have Pockets.<br>A statement, without ever announcing itself. </div>
<div class=""fabric-fit"">
<h4>Fabric &amp; Fit</h4>Fabric: Hemp Cotton<br>Color: Azo free dyed Rust Bloom and Dusty Black<br>Dress Fit: Relaxed, Length: 52""<br>Model Fit: Model is 5'6"" / wearing size S<br>
</div>
<div class=""washcare"">
<h4>Care Instructions</h4>Care :<br>● Wash in cold water<br>● Use a gentle detergent<br>● Machine wash on a mild cycle or hand wash<br>● Air dry preferred, or tumble dry on low heat<br>● Iron on low heat<br>● Avoid bleach and harsh chemicals<br>● Do not overwash: air between wears<br>● Spot clean for small stains instead of full washing<br><br>Note:<br>● Wash separately for the first few washes, as slight colour release may occur.<br>● Garments with hand embroidery are best cared for through dry cleaning.<br>● Subtle variations in colour and texture are natural. Each piece is unique.<br>Just a little care, and the fabric will take care of the rest.</div>",Soulmead,,Dress,"Dress, Rust Bloom",true,Size,XS,,,,,,,,WD05-RustBloom-XS,0.0,shopify,10,deny,manual,12890.00,,true,true,,,,,,https://cdn.shopify.com/s/files/1/0996/6485/5319/files/DSC03738.jpg?v=1775122278,1,,false,,,,kg,,,active
twofold-dress-rust-bloom,,,,,,,,,S,,,,,,,,WD05-RustBloom-S,0.0,shopify,10,deny,manual,12890.00,,true,true,,,,,,https://cdn.shopify.com/s/files/1/0996/6485/5319/files/DSC03739.jpg?v=1775122283,2,,,,,,kg,,,
twofold-dress-rust-bloom,,,,,,,,,M,,,,,,,,WD05-RustBloom-M,0.0,shopify,10,deny,manual,12890.00,,true,true,,,,,,https://cdn.shopify.com/s/files/1/0996/6485/5319/files/DSC03745.jpg?v=1775122289,3,,,,,,kg,,,
twofold-dress-rust-bloom,,,,,,,,,L,,,,,,,,WD05-RustBloom-L,0.0,shopify,10,deny,manual,12890.00,,true,true,,,,,,https://cdn.shopify.com/s/files/1/0996/6485/5319/files/DSC03752.jpg?v=1775122294,4,,,,,,kg,,,
twofold-dress-rust-bloom,,,,,,,,,XL,,,,,,,,WD05-RustBloom-XL,0.0,shopify,10,deny,manual,12890.00,,true,true,,,,,,https://cdn.shopify.com/s/files/1/0996/6485/5319/files/DSC03754.jpg?v=1775122300,5,,,,,,kg,,,
twofold-dress-rust-bloom,,,,,,,,,,,,,,,,,,,,,,,,,,,,,,,,https://cdn.shopify.com/s/files/1/0996/6485/5319/files/DSC03759.jpg?v=1775122305,6,,,,,,,,,
twofold-dress-rust-bloom,,,,,,,,,,,,,,,,,,,,,,,,,,,,,,,,https://cdn.shopify.com/s/files/1/0996/6485/5319/files/DSC03763.jpg?v=1775122310,7,,,,,,,,,
twofold-dress-rust-bloom,,,,,,,,,,,,,,,,,,,,,,,,,,,,,,,,https://cdn.shopify.com/s/files/1/0996/6485/5319/files/DSC03767.jpg?v=1775122316,8,,,,,,,,,
flora-dress-rust-bloom,Flora Dress - Rust Bloom,"<div class=""product-description"">Turn around. That’s where it gets interesting.<br>The Flora Dress is a sleeveless A-line cut dress that moves with ease - fluid and easy to wear through long days. The rust bloom tone holds warmth, while delicate embroidery at the neckline frames the front with detail.<br>The back shifts the piece entirely. A deep open back, held by structured straps and finished with fabric buttons - intentional and just enough to grab your attention.<br>With pockets too!<br>Something you reach for without planning, and keep on longer than expected.</div>
<div class=""fabric-fit"">
<h4>Fabric &amp; Fit</h4>Fabric: Hemp Cotton<br>Color: Azo free dyed Rust Bloom<br>Dress Fit: Comfort Fit, Length: 52""<br>Model Fit: Model is 5'7"" / wearing size S<br>
</div>
<div class=""washcare"">
<h4>Care Instructions</h4>Care :<br>● Wash in cold water<br>● Use a gentle detergent<br>● Machine wash on a mild cycle or hand wash<br>● Air dry preferred, or tumble dry on low heat<br>● Iron on low heat<br>● Avoid bleach and harsh chemicals<br>● Do not overwash: air between wears<br>● Spot clean for small stains instead of full washing<br><br>Note:<br>● Wash separately for the first few washes, as slight colour release may occur.<br>● Garments with hand embroidery are best cared for through dry cleaning.<br>● Subtle variations in colour and texture are natural. Each piece is unique.<br>Just a little care, and the fabric will take care of the rest.</div>",Soulmead,,Dress,"Dress, Rust Bloom",true,Size,XS,,,,,,,,WD04-RustBloom-XS,0.0,shopify,10,deny,manual,12490.00,,true,true,,,,,,https://cdn.shopify.com/s/files/1/0996/6485/5319/files/DSC03652.jpg?v=1775122258,1,,false,,,,kg,,,active
flora-dress-rust-bloom,,,,,,,,,S,,,,,,,,WD04-RustBloom-S,0.0,shopify,10,deny,manual,12490.00,,true,true,,,,,,https://cdn.shopify.com/s/files/1/0996/6485/5319/files/DSC03655.jpg?v=1775122263,2,,,,,,kg,,,
flora-dress-rust-bloom,,,,,,,,,M,,,,,,,,WD04-RustBloom-M,0.0,shopify,10,deny,manual,12490.00,,true,true,,,,,,https://cdn.shopify.com/s/files/1/0996/6485/5319/files/DSC03661.jpg?v=1775122268,3,,,,,,kg,,,
flora-dress-rust-bloom,,,,,,,,,L,,,,,,,,WD04-RustBloom-L,0.0,shopify,10,deny,manual,12490.00,,true,true,,,,,,https://cdn.shopify.com/s/files/1/0996/6485/5319/files/DSC03663.jpg?v=1775122273,4,,,,,,kg,,,
flora-dress-rust-bloom,,,,,,,,,XL,,,,,,,,WD04-RustBloom-XL,0.0,shopify,10,deny,manual,12490.00,,true,true,,,,,,,,,,,,,kg,,,
still-day-dress-ecru,Still Day Dress - Ecru,"<div class=""product-description"">Some days ask nothing of you. This dress understands that.<br>The Still Day Dress wears easy from the very first time: relaxed &amp; breathable. The silhouette falls till the knee, shaped just enough to hold, never to restrict.<br>A structured band collar and clean front button placket bring a sense of order, while fine hand stitch details soften it back. Half sleeves with turn-up cuffs and fabric button tab detailing sit quietly, adding without asking for attention.<br>There are pockets. Deep ones.<br>In natural ecru; the undyed, unprocessed color of the cotton as it comes off the loom. No dyes, no treatments. Just cloth, as it is.</div>
<div class=""fabric-fit"">
<h4>Fabric &amp; Fit</h4>Fabric: Kala Cotton <br>Color: Ecru<br>Dress Fit: Relaxed, Length: 36.5""<br>Model Fit: Model is 5'7""/ wearing size S<br>
</div>
<div class=""washcare"">
<h4>Care Instructions</h4>Care :<br>● Wash in cold water only<br>● Use a mild detergent<br>● Wash separately, especially during initial washes<br>● Air dry in shade; avoid direct sunlight<br>● Do not wring or scrub harshly<br>● Iron on low heat, inside out<br>● Avoid bleach and harsh chemicals<br>● Do not overwash: allow the fabric to breathe between wears<br>● Spot clean gently when needed<br><br>Note :<br>● Wash separately for the first few washes, as slight colour release may occur.<br>● Garments with hand embroidery are best cared for through dry cleaning.<br>● Subtle variations in colour and texture are natural. Each piece is unique.<br>Just a little care, and the fabric will take care of the rest.</div>",Soulmead,,Dress,"Dress, Ecru",true,Size,XS,,,,,,,,WD03-Ecru-XS,0.0,shopify,10,deny,manual,6890.00,,true,true,,,,,,https://cdn.shopify.com/s/files/1/0996/6485/5319/files/DSC02956_copy2.jpg?v=1775121706,1,,false,,,,kg,,,active
still-day-dress-ecru,,,,,,,,,S,,,,,,,,WD03-Ecru-S,0.0,shopify,10,deny,manual,6890.00,,true,true,,,,,,https://cdn.shopify.com/s/files/1/0996/6485/5319/files/DSC02965_copy.jpg?v=1775121714,2,,,,,,kg,,,
still-day-dress-ecru,,,,,,,,,M,,,,,,,,WD03-Ecru-M,0.0,shopify,10,deny,manual,6890.00,,true,true,,,,,,,,,,,,,kg,,,
still-day-dress-ecru,,,,,,,,,L,,,,,,,,WD03-Ecru-L,0.0,shopify,10,deny,manual,6890.00,,true,true,,,,,,,,,,,,,kg,,,
still-day-dress-ecru,,,,,,,,,XL,,,,,,,,WD03-Ecru-XL,0.0,shopify,10,deny,manual,6890.00,,true,true,,,,,,,,,,,,,kg,,,
still-day-dress-camel,Still Day Dress - Camel,"<div class=""product-description"">Some days ask nothing of you. This dress understands that.<br>The Still Day Dress wears easy from the very first time: relaxed &amp; breathable. The silhouette falls till the knee, shaped just enough to hold, never to restrict.<br>A structured collar and clean front button placket bring a sense of order, while fine hand stitch details soften it back. Half sleeves with turn-up cuffs and fabric tab button detailing, adding without asking for attention.<br>There are pockets. Deep ones.<br>In warm camel; dyed using azo-free colors that are gentle on the skin and mindful in process. A considered shade, finished without excess.</div>
<div class=""fabric-fit"">
<h4>Fabric &amp; Fit</h4>Fabric: Kala Cotton <br>Color: Azo free dyed Camel <br>Dress Fit: Relaxed, Length: 36.5""<br>Model Fit: Model is 5'6""/ wearing size S<br>
</div>
<div class=""washcare"">
<h4>Care Instructions</h4>Care :<br>● Wash in cold water only<br>● Use a mild detergent<br>● Wash separately, especially during initial washes<br>● Air dry in shade; avoid direct sunlight<br>● Do not wring or scrub harshly<br>● Iron on low heat, inside out<br>● Avoid bleach and harsh chemicals<br>● Do not overwash: allow the fabric to breathe between wears<br>● Spot clean gently when needed<br><br>Note :<br>● Wash separately for the first few washes, as slight colour release may occur.<br>● Garments with hand embroidery are best cared for through dry cleaning.<br>● Subtle variations in colour and texture are natural. Each piece is unique.<br>Just a little care, and the fabric will take care of the rest.</div>",Soulmead,,Dress,"Camel, Dress",true,Size,XS,,,,,,,,WD03-Camel-XS,0.0,shopify,10,deny,manual,6890.00,,true,true,,,,,,https://cdn.shopify.com/s/files/1/0996/6485/5319/files/DSC03559.jpg?v=1775122211,1,,false,,,,kg,,,active
still-day-dress-camel,,,,,,,,,S,,,,,,,,WD03-Camel-S,0.0,shopify,10,deny,manual,6890.00,,true,true,,,,,,https://cdn.shopify.com/s/files/1/0996/6485/5319/files/DSC03561.jpg?v=1775122216,2,,,,,,kg,,,
still-day-dress-camel,,,,,,,,,M,,,,,,,,WD03-Camel-M,0.0,shopify,10,deny,manual,6890.00,,true,true,,,,,,https://cdn.shopify.com/s/files/1/0996/6485/5319/files/DSC03565.jpg?v=1775122226,3,,,,,,kg,,,
still-day-dress-camel,,,,,,,,,L,,,,,,,,WD03-Camel-L,0.0,shopify,10,deny,manual,6890.00,,true,true,,,,,,https://cdn.shopify.com/s/files/1/0996/6485/5319/files/DSC03576.jpg?v=1775122238,4,,,,,,kg,,,
still-day-dress-camel,,,,,,,,,XL,,,,,,,,WD03-Camel-XL,0.0,shopify,10,deny,manual,6890.00,,true,true,,,,,,https://cdn.shopify.com/s/files/1/0996/6485/5319/files/DSC03581.jpg?v=1775122243,5,,,,,,kg,,,
still-day-dress-camel,,,,,,,,,,,,,,,,,,,,,,,,,,,,,,,,https://cdn.shopify.com/s/files/1/0996/6485/5319/files/DSC03589.jpg?v=1775122248,6,,,,,,,,,
all-day-set-indigo,All Day Set - Indigo,"<div class=""product-description"">Deep indigo, clean lines, handwork that earns its place.<br>The set builds from the same dress, but shifts in presence when worn together. The sleeveless, elongated silhouette stays easy and fluid, while the addition of straight trousers brings more length and structure to the overall look.<br>Subtle hand embroidery continues to follow the construction lines, tying both pieces together without making it obvious. The trousers sit easy at the waist and move comfortably, adding function without taking away from the form.<br>Worn as a set, it feels more resolved. Slightly sharper, but still effortless.</div>
<div class=""fabric-fit"">
<h4>Fabric &amp; Fit</h4>Fabric: Kala Cotton <br>Color: Yarn dyed Indigo<br>Dress Fit: Comfort, Length: 36""<br>Pant Fit: Regular, Length: 36""<br>Model Fit: Model is 5'6""/ wearing size S</div>
<div class=""washcare"">
<h4>Care Instructions</h4>Care :<br>● Wash in cold water only<br>● Use a mild detergent<br>● Wash separately, especially during initial washes<br>● Air dry in shade; avoid direct sunlight<br>● Do not wring or scrub harshly<br>● Iron on low heat, inside out<br>● Avoid bleach and harsh chemicals<br>● Do not overwash: allow the fabric to breathe between wears<br>● Spot clean gently when needed<br><br>Note :<br>● Wash separately for the first few washes, as slight colour release may occur.<br>● Garments with hand embroidery are best cared for through dry cleaning.<br>● Subtle variations in colour and texture are natural. Each piece is unique.<br>Just a little care, and the fabric will take care of the rest.</div>",Soulmead,,Co-ord,"Co-ord, Indigo",true,Size,XS,,,,,,,,WD02 + WP02-Indigo-XS,0.0,shopify,10,deny,manual,13780.00,,true,true,,,,,,https://cdn.shopify.com/s/files/1/0996/6485/5319/files/DSC03261_90f6668a-a04e-41e8-ad65-e53a3c7fcc9d.jpg?v=1775122177,1,,false,,,,kg,,,active
all-day-set-indigo,,,,,,,,,S,,,,,,,,WD02 + WP02-Indigo-S,0.0,shopify,10,deny,manual,13780.00,,true,true,,,,,,https://cdn.shopify.com/s/files/1/0996/6485/5319/files/DSC03266_fd2bee6d-638d-467c-ba67-4515266dce4f.jpg?v=1775122188,2,,,,,,kg,,,
all-day-set-indigo,,,,,,,,,M,,,,,,,,WD02 + WP02-Indigo-M,0.0,shopify,10,deny,manual,13780.00,,true,true,,,,,,https://cdn.shopify.com/s/files/1/0996/6485/5319/files/DSC03269_eded2aaa-adc7-4411-a7b2-5e4c36534204.jpg?v=1775122193,3,,,,,,kg,,,
all-day-set-indigo,,,,,,,,,L,,,,,,,,WD02 + WP02-Indigo-L,0.0,shopify,10,deny,manual,13780.00,,true,true,,,,,,https://cdn.shopify.com/s/files/1/0996/6485/5319/files/DSC03280_0f93908a-c5d1-42d7-bfad-959d59fda270.jpg?v=1775122200,4,,,,,,kg,,,
all-day-set-indigo,,,,,,,,,XL,,,,,,,,WD02 + WP02-Indigo-XL,0.0,shopify,10,deny,manual,13780.00,,true,true,,,,,,https://cdn.shopify.com/s/files/1/0996/6485/5319/files/DSC03295_eeb62e39-3047-4fe4-8532-4a5ae1d0bdff.jpg?v=1775122206,5,,,,,,kg,,,
all-day-dress-indigo,All Day Dress - Indigo,"<div class=""product-description"">Deep indigo, clean lines, handwork that earns its place.<br><br>The All Day Dress is built for ease. Sleeveless, elongated, and gentle on the skin, it holds shape without ever feeling restrictive. It moves with you through the day, with grace.<br><br>Subtle hand embroidery traces the style lines, following the construction rather than sitting on top of it. Every detail feels considered, every stitch has its place, nothing more.<br><br>Worn on its own, it feels complete. Simple, balanced, and easy to return to.</div>
<div class=""fabric-fit"">
<h4>Fabric &amp; Fit</h4>Fabric: Kala Cotton <br>Color: Yarn dyed Indigo<br>Dress Fit: Comfort, Length: 36""<br>Model Fit: Model is 5'6""/ wearing size S</div>
<div class=""washcare"">
<h4>Care Instructions</h4>Care :<br>● Wash in cold water only<br>● Use a mild detergent<br>● Wash separately, especially during initial washes<br>● Air dry in shade; avoid direct sunlight<br>● Do not wring or scrub harshly<br>● Iron on low heat, inside out<br>● Avoid bleach and harsh chemicals<br>● Do not overwash: allow the fabric to breathe between wears<br>● Spot clean gently when needed<br><br>Note :<br>● Wash separately for the first few washes, as slight colour release may occur.<br>● Garments with hand embroidery are best cared for through dry cleaning.<br>● Subtle variations in colour and texture are natural. Each piece is unique.<br>Just a little care, and the fabric will take care of the rest.</div>",Soulmead,,Dress,"Dress, Indigo",true,Size,XS,,,,,,,,WD02-Indigo-XS,0.0,shopify,10,deny,manual,7290.00,,true,true,,,,,,https://cdn.shopify.com/s/files/1/0996/6485/5319/files/DSC03261.jpg?v=1775122144,1,,false,,,,kg,,,active
all-day-dress-indigo,,,,,,,,,S,,,,,,,,WD02-Indigo-S,0.0,shopify,10,deny,manual,7290.00,,true,true,,,,,,https://cdn.shopify.com/s/files/1/0996/6485/5319/files/DSC03266.jpg?v=1775122149,2,,,,,,kg,,,
all-day-dress-indigo,,,,,,,,,M,,,,,,,,WD02-Indigo-M,0.0,shopify,10,deny,manual,7290.00,,true,true,,,,,,https://cdn.shopify.com/s/files/1/0996/6485/5319/files/DSC03269.jpg?v=1775122155,3,,,,,,kg,,,
all-day-dress-indigo,,,,,,,,,L,,,,,,,,WD02-Indigo-L,0.0,shopify,10,deny,manual,7290.00,,true,true,,,,,,https://cdn.shopify.com/s/files/1/0996/6485/5319/files/DSC03280.jpg?v=1775122160,4,,,,,,kg,,,
all-day-dress-indigo,,,,,,,,,XL,,,,,,,,WD02-Indigo-XL,0.0,shopify,10,deny,manual,7290.00,,true,true,,,,,,https://cdn.shopify.com/s/files/1/0996/6485/5319/files/DSC03295.jpg?v=1775122165,5,,,,,,kg,,,
outline-dress-soft-teal,Outline Dress - Soft Teal,"<div class=""product-description"">Short dresses with good bones.<br>The Outline Dress is built around asymmetry not as a statement, but as a structural choice that holds the garment together. Open sleeves fall easy and relaxed, while fine stitch lines trace the neckline and the front panel, each seam is deliberate, nothing excessive.<br>Side pockets are functional. Front pockets are architectural designed for form, not volume. Both exist with a purpose.<br>Crafted in a breathable hemp-cotton, an azo-free dyed soft teal tone that allows the construction to stand out, and the details to be seen over time, not just at first glance.<br>Made slowly, meant to be worn often.<br>
</div>
<div class=""fabric-fit"">
<h4>Fabric &amp; Fit</h4>Fabric: Hemp Cotton<br>Color: Azo free dyed Soft Teal<br>Dress Fit: Relaxed, Length: 35""<br>Model Fit: Model is 5'6""/ wearing size S<br>
</div>
<div class=""washcare"">
<h4>Care Instructions</h4>Care :<br>● Wash in cold water<br>● Use a gentle detergent<br>● Machine wash on a mild cycle or hand wash<br>● Air dry preferred, or tumble dry on low heat<br>● Iron on low heat<br>● Avoid bleach and harsh chemicals<br>● Do not overwash: air between wears<br>● Spot clean for small stains instead of full washing<br><br>Note:<br>● Wash separately for the first few washes, as slight colour release may occur.<br>● Garments with hand embroidery are best cared for through dry cleaning.<br>● Subtle variations in colour and texture are natural. Each piece is unique.<br>Just a little care, and the fabric will take care of the rest.</div>",Soulmead,,Dress,"Dress, Soft Teal",true,Size,XS,,,,,,,,WD01-SoftTeal-XS,0.0,shopify,10,deny,manual,10490.00,,true,true,,,,,,https://cdn.shopify.com/s/files/1/0996/6485/5319/files/DSC04375.jpg?v=1775122117,1,,false,,,,kg,,,active
outline-dress-soft-teal,,,,,,,,,S,,,,,,,,WD01-SoftTeal-S,0.0,shopify,10,deny,manual,10490.00,,true,true,,,,,,https://cdn.shopify.com/s/files/1/0996/6485/5319/files/DSC04376.jpg?v=1775122122,2,,,,,,kg,,,
outline-dress-soft-teal,,,,,,,,,M,,,,,,,,WD01-SoftTeal-M,0.0,shopify,10,deny,manual,10490.00,,true,true,,,,,,https://cdn.shopify.com/s/files/1/0996/6485/5319/files/DSC04390.jpg?v=1775122128,3,,,,,,kg,,,
outline-dress-soft-teal,,,,,,,,,L,,,,,,,,WD01-SoftTeal-L,0.0,shopify,10,deny,manual,10490.00,,true,true,,,,,,https://cdn.shopify.com/s/files/1/0996/6485/5319/files/DSC04392.jpg?v=1775122133,4,,,,,,kg,,,
outline-dress-soft-teal,,,,,,,,,XL,,,,,,,,WD01-SoftTeal-XL,0.0,shopify,10,deny,manual,10490.00,,true,true,,,,,,https://cdn.shopify.com/s/files/1/0996/6485/5319/files/DSC04395.jpg?v=1775122139,5,,,,,,kg,,,
outline-dress-dusty-black,Outline Dress - Dusty Black,"<div class=""product-description"">Short dresses with good bones.<br>The Outline Dress is built around asymmetry not as a statement, but as a structural choice that holds the garment together. Open sleeves fall easy, while fine stitch lines trace the neckline and the front panel, each seam is deliberate, nothing excessive.<br>Side pockets are functional. Front pockets are architectural designed for form, not volume. Both exist with a purpose.<br>Crafted in a breathable hemp-cotton, an azo-free dyed dusty black tone that allows the construction to stand out, and the details to be seen over time, not just at first glance.<br>Made slowly, Worn often.<br>
</div>
<div class=""fabric-fit"">
<h4>Fabric &amp; Fit</h4>Fabric: Hemp Cotton<br>Color: Azo free dyed Dusty Black<br>Dress Fit: Relaxed, Length: 35""<br>Model Fit: Model is 5'6""/ wearing size S</div>
<div class=""washcare"">
<h4>Care Instructions</h4>Care :<br>● Wash in cold water<br>● Use a gentle detergent<br>● Machine wash on a mild cycle or hand wash<br>● Air dry preferred, or tumble dry on low heat<br>● Iron on low heat<br>● Avoid bleach and harsh chemicals<br>● Do not overwash: air between wears<br>● Spot clean for small stains instead of full washing<br><br>Note:<br>● Wash separately for the first few washes, as slight colour release may occur.<br>● Garments with hand embroidery are best cared for through dry cleaning.<br>● Subtle variations in colour and texture are natural. Each piece is unique.<br>Just a little care, and the fabric will take care of the rest.</div>",Soulmead,,Dress,"Dress, Dusty Black",true,Size,XS,,,,,,,,WD01-DustyBlack-XS,0.0,shopify,10,deny,manual,10490.00,,true,true,,,,,,https://cdn.shopify.com/s/files/1/0996/6485/5319/files/DSC04044.jpg?v=1775122082,1,,false,,,,kg,,,active
outline-dress-dusty-black,,,,,,,,,S,,,,,,,,WD01-DustyBlack-S,0.0,shopify,10,deny,manual,10490.00,,true,true,,,,,,https://cdn.shopify.com/s/files/1/0996/6485/5319/files/DSC04046.jpg?v=1775122090,2,,,,,,kg,,,
outline-dress-dusty-black,,,,,,,,,M,,,,,,,,WD01-DustyBlack-M,0.0,shopify,10,deny,manual,10490.00,,true,true,,,,,,https://cdn.shopify.com/s/files/1/0996/6485/5319/files/DSC04051.jpg?v=1775122095,3,,,,,,kg,,,
outline-dress-dusty-black,,,,,,,,,L,,,,,,,,WD01-DustyBlack-L,0.0,shopify,10,deny,manual,10490.00,,true,true,,,,,,https://cdn.shopify.com/s/files/1/0996/6485/5319/files/DSC04073.jpg?v=1775122100,4,,,,,,kg,,,
outline-dress-dusty-black,,,,,,,,,XL,,,,,,,,WD01-DustyBlack-XL,0.0,shopify,10,deny,manual,10490.00,,true,true,,,,,,https://cdn.shopify.com/s/files/1/0996/6485/5319/files/DSC04075.jpg?v=1775122106,5,,,,,,kg,,,
outline-dress-dusty-black,,,,,,,,,,,,,,,,,,,,,,,,,,,,,,,,https://cdn.shopify.com/s/files/1/0996/6485/5319/files/DSC04078.jpg?v=1775122111,6,,,,,,,,,
